[debug] [2026-08-27T10:14:21.092Z] ----------------------------------------------------------------------
[debug] [2026-08-27T10:14:21.096Z] Command:       C:\Program Files\nodejs\node.exe C:\Users\mihip\AppData\Roaming\npm\node_modules\firebase-tools\lib\bin\firebase.js deploy --only hosting --debug
[debug] [2026-08-27T10:14:21.097Z] CLI Version:   15.28.1
[debug] [2026-08-27T10:14:21.097Z] Platform:      win32
[debug] [2026-08-27T10:14:21.097Z] Node Version:  v24.15.0
[debug] [2026-08-27T10:14:21.098Z] Detected Agent: antigravity
[debug] [2026-08-27T10:14:21.098Z] Time:          Thu Aug 27 2026 15:44:21 GMT+0530 (India Standard Time)
[debug] [2026-08-27T10:14:21.098Z] ----------------------------------------------------------------------
[debug] 
[debug] [2026-08-27T10:14:21.114Z] >>> [apiv2][query] GET https://firebase-public.firebaseio.com/cli.json [none]
[debug] [2026-08-27T10:14:31.443Z] > command requires scopes: ["email","openid","https://www.googleapis.com/auth/cloudplatformprojects.readonly","https://www.googleapis.com/auth/firebase","https://www.googleapis.com/auth/cloud-platform"]
[debug] [2026-08-27T10:14:31.444Z] > authorizing via signed-in user (smarttransnet@gmail.com)
[debug] [2026-08-27T10:14:31.444Z] [iam] checking project practice121-web for permissions ["firebase.projects.get","firebasehosting.sites.update"]
[debug] [2026-08-27T10:14:31.446Z] Checked if tokens are valid: false, expires at: 1787649718407
[debug] [2026-08-27T10:14:31.447Z] Checked if tokens are valid: false, expires at: 1787649718407
[debug] [2026-08-27T10:14:31.447Z] > refreshing access token with scopes: []
[debug] [2026-08-27T10:14:31.450Z] >>> [apiv2][query] POST https://www.googleapis.com/oauth2/v3/token [none]
[debug] [2026-08-27T10:14:31.450Z] >>> [apiv2][body] POST https://www.googleapis.com/oauth2/v3/token [omitted]
[debug] [2026-08-27T10:14:31.890Z] <<< [apiv2][status] POST https://www.googleapis.com/oauth2/v3/token 200
[debug] [2026-08-27T10:14:31.890Z] <<< [apiv2][body] POST https://www.googleapis.com/oauth2/v3/token [omitted]
[debug] [2026-08-27T10:14:31.923Z] >>> [apiv2][query] POST https://cloudresourcemanager.googleapis.com/v1/projects/practice121-web:testIamPermissions [none]
[debug] [2026-08-27T10:14:31.924Z] >>> [apiv2][(partial)header] POST https://cloudresourcemanager.googleapis.com/v1/projects/practice121-web:testIamPermissions  x-goog-user-project=practice121-web
[debug] [2026-08-27T10:14:31.924Z] >>> [apiv2][body] POST https://cloudresourcemanager.googleapis.com/v1/projects/practice121-web:testIamPermissions {"permissions":["firebase.projects.get","firebasehosting.sites.update"]}
[debug] [2026-08-27T10:14:32.201Z] <<< [apiv2][status] GET https://firebase-public.firebaseio.com/cli.json 200
[debug] [2026-08-27T10:14:32.202Z] <<< [apiv2][body] GET https://firebase-public.firebaseio.com/cli.json {"cloudBuildErrorAfter":1594252800000,"cloudBuildWarnAfter":1590019200000,"defaultNode10After":1594252800000,"minVersion":"3.0.5","node8DeploysDisabledAfter":1613390400000,"node8RuntimeDisabledAfter":1615809600000,"node8WarnAfter":1600128000000}
[debug] [2026-08-27T10:14:33.427Z] <<< [apiv2][status] POST https://cloudresourcemanager.googleapis.com/v1/projects/practice121-web:testIamPermissions 200
[debug] [2026-08-27T10:14:33.428Z] <<< [apiv2][body] POST https://cloudresourcemanager.googleapis.com/v1/projects/practice121-web:testIamPermissions {"permissions":["firebase.projects.get","firebasehosting.sites.update"]}
[debug] [2026-08-27T10:14:33.429Z] Checked if tokens are valid: true, expires at: 1787829270891
[debug] [2026-08-27T10:14:33.429Z] Checked if tokens are valid: true, expires at: 1787829270891
[debug] [2026-08-27T10:14:33.429Z] >>> [apiv2][query] GET https://firebase.googleapis.com/v1beta1/projects/practice121-web [none]
[debug] [2026-08-27T10:14:34.117Z] <<< [apiv2][status] GET https://firebase.googleapis.com/v1beta1/projects/practice121-web 200
[debug] [2026-08-27T10:14:34.118Z] <<< [apiv2][body] GET https://firebase.googleapis.com/v1beta1/projects/practice121-web {"projectId":"practice121-web","projectNumber":"768564576964","displayName":"practice121-web","name":"projects/practice121-web","resources":{"hostingSite":"practice121-web"},"state":"ACTIVE","labels":{"firebase":"enabled"},"etag":"1_15d0407f-f5ed-4984-a49c-de6858955db4"}
[info] 
[info] === Deploying to 'practice121-web'...
[info] 
[info] i  deploying hosting 
[debug] [2026-08-27T10:14:34.124Z] Checked if tokens are valid: true, expires at: 1787829270891
[debug] [2026-08-27T10:14:34.124Z] Checked if tokens are valid: true, expires at: 1787829270891
[debug] [2026-08-27T10:14:34.124Z] >>> [apiv2][query] GET https://firebasehosting.googleapis.com/v1beta1/projects/practice121-web/sites/practice121-web [none]
[debug] [2026-08-27T10:14:35.306Z] <<< [apiv2][status] GET https://firebasehosting.googleapis.com/v1beta1/projects/practice121-web/sites/practice121-web 200
[debug] [2026-08-27T10:14:35.306Z] <<< [apiv2][body] GET https://firebasehosting.googleapis.com/v1beta1/projects/practice121-web/sites/practice121-web {"name":"projects/practice121-web/sites/practice121-web","defaultUrl":"https://practice121-web.web.app","type":"DEFAULT_SITE"}
[debug] [2026-08-27T10:14:35.321Z] Checked if tokens are valid: true, expires at: 1787829270891
[debug] [2026-08-27T10:14:35.321Z] Checked if tokens are valid: true, expires at: 1787829270891
[debug] [2026-08-27T10:14:35.323Z] >>> [apiv2][query] POST https://firebasehosting.googleapis.com/v1beta1/projects/-/sites/practice121-web/versions [none]
[debug] [2026-08-27T10:14:35.324Z] >>> [apiv2][body] POST https://firebasehosting.googleapis.com/v1beta1/projects/-/sites/practice121-web/versions {"status":"CREATED","labels":{"deployment-tool":"cli-firebase"}}
[debug] [2026-08-27T10:14:36.415Z] <<< [apiv2][status] POST https://firebasehosting.googleapis.com/v1beta1/projects/-/sites/practice121-web/versions 200
[debug] [2026-08-27T10:14:36.416Z] <<< [apiv2][body] POST https://firebasehosting.googleapis.com/v1beta1/projects/-/sites/practice121-web/versions {"name":"projects/768564576964/sites/practice121-web/versions/051496a13d61a640","status":"CREATED","config":{},"labels":{"deployment-tool":"cli-firebase"}}
[info] i  hosting[practice121-web]: beginning deploy... 
[info] i  hosting[practice121-web]: found 70 files in . 
[debug] [2026-08-27T10:14:36.453Z] [hosting] uploading with 200 concurrency
[debug] [2026-08-27T10:14:36.455Z] [hosting] hash cache [] not populated
[debug] [2026-08-27T10:14:36.516Z] Checked if tokens are valid: true, expires at: 1787829270891
[debug] [2026-08-27T10:14:36.516Z] Checked if tokens are valid: true, expires at: 1787829270891
[debug] [2026-08-27T10:14:36.518Z] [hosting] hash cache [] stored for 70 files
[debug] [2026-08-27T10:14:36.519Z] [hosting][hash queue][FINAL] {"max":49,"min":13,"avg":32.542857142857144,"active":0,"complete":70,"success":70,"errored":0,"retried":0,"total":70,"elapsed":63}
[debug] [2026-08-27T10:14:36.519Z] >>> [apiv2][query] POST https://firebasehosting.googleapis.com/v1beta1/projects/768564576964/sites/practice121-web/versions/051496a13d61a640:populateFiles [none]
[debug] [2026-08-27T10:14:36.519Z] >>> [apiv2][body] POST https://firebasehosting.googleapis.com/v1beta1/projects/768564576964/sites/practice121-web/versions/051496a13d61a640:populateFiles {"files":{"/icons.svg":"5ba780ad60ab99c201a39f76f7bd4c05b552383ca985c5f2dc35f7bbb1551fe5","/.vs/VSWorkspaceState.json":"44300fa8febcbc7a8249f34107297350f46b1b2c9f3934ba3c0dbdb875b56a64","/deploy-gcp.ps1":"9e5b64e0a1482e59cafd553bc5ef7ac3765d7314b9293b740c7f36657193ed93","/index.html":"25ab384166cd47446e020cf08baedd233bc565d249beda145aea5f39bb8580d6","/privacy-policy.html":"57ea7c2b32337e875afbd6cad9cdf5da8abaf885127af978ded0a4bcbee4b77d","/favicon.svg":"44fea64ea0b4986cf22dbc28741fe402f021baf13dbd2cc8ce6aa04b24300573","/css/styles.css":"f8fa07c23a793ad6d50969ff998ff5377cbc5c05c97adcf67374520423000f37","/.vs/Practice121.slnx/v18/DocumentLayout.json":"8ed54f09117e33d7dc0bc4868b8cd0bf76c75231249bb3496ae9fd71a388e03d","/terms-and-conditions.html":"9ec685b90b5809dec82bd01a0ece40e91f97c54de1cc59a0d6fbb45de8b68f2d","/images/README.txt":"2bfcd5e01c43128677a39acc1639e3ebb11d41471ef2b9450f3c52d853eb0f5e","/.git/ORIG_HEAD":"792b6df7a4501149d3329553bbd8ab3aa1d6a3e3c92b972511b3a8cf003e17a2","/.git/packed-refs":"d63d955f1b5ffdb81d7dadb505bdaf5ce73aaa4388dcd2cbcc2c6c7d109931ec","/.git/HEAD":"23960fa2316fb1cd093c7920df1e9c864ee8c2d784908f7372cd5da920fc3d48","/.git/config":"3d404a6231edd2e11df9c6c591d6b1f17dec92946f1bbe2513522691fb5ffba2","/.git/refs/remotes/origin/main":"558ed56ad1017a75477cf31764c806ad5948ec321f67c850678a270936e37d7c","/.git/COMMIT_EDITMSG":"a0a79d81ce5bc990a53fc6d31366f8c3db7f352ad21614726c337572cb38b5cf","/.git/refs/remotes/origin/HEAD":"309067256ef321c6851b59e293ca58f7ccae3509e768e9597fd3348d34570b32","/README.md":"65f269ca1f5dbc00865ed2640d0efbfbd7337cfdf2df9c7e313588594bdbd370","/.git/refs/heads/main":"558ed56ad1017a75477cf31764c806ad5948ec321f67c850678a270936e37d7c","/.git/refs/remotes/origin/feature/homepage-redesign":"558ed56ad1017a75477cf31764c806ad5948ec321f67c850678a270936e37d7c","/.git/refs/heads/feature/homepage-redesign":"558ed56ad1017a75477cf31764c806ad5948ec321f67c850678a270936e37d7c","/.git/description":"82406efccfbaa0195ef86e8c8aa8fc71d38fb93a6aa0fbd00d90629d3bbe2342","/.git/objects/e9/522193d9f796a9748e9ad8c952a5df73c87db9":"008adc044d2d4bde3a6b0e7964ca8fef99f7f565dafdb8d01a18c9e99b0ee18c","/.git/objects/pack/pack-28f3c3e2eb052d39272eebf9efa22c5443033387.pack":"6c422307008d5c6ddff17e81aeb63cb2f7c5b0d10e488c50bc39d0235f77a0f4","/.git/objects/pack/pack-28f3c3e2eb052d39272eebf9efa22c5443033387.idx":"049e2e70459a9511714546b840c97a1536e2256e425c96bafbefed8085283577","/.git/index":"d105f1217316455a4497388695e257661c732f8ab33c2c48dec7fc124f6db189","/.git/objects/e5/70f0abfd600eb18c07b101f1d1456f208ea9db":"f52fcaa3053c34d4cd159578941b8af1d057bfe4a19139326c58765d9341a53f","/.git/objects/ef/540781b4461fb368176109d9d92037ba8b8e36":"6490d8f09e787b1e277f696274c055b43ac2538a11ab4ef316bb6d4c8af376ce","/.git/objects/pack/pack-28f3c3e2eb052d39272eebf9efa22c5443033387.rev":"e7322748a11240d4491e263ae9e74e2037bc7590a2046a20ef73f3eb6b7bcf87","/.git/objects/d0/a46bc031cc86ca822a7628793bbc4ebfa00286":"0200384828cbc49da212d1b167cc859b98e3d98f2583a5db5ebae2940a665c6a","/.git/objects/c4/54fc349ba781f04c34c6afc6d296166526cf5a":"04abf159d192c416331ccd075a504ed8dfd2c20b9703c63475fe2e60ddf870d9","/.git/objects/a7/615bab59452432812b2ced65843c3e34240d62":"4466989f0c9b30c373c48570abd3487cdca1d2b3a236c13fb66220854810f381","/.git/objects/e9/02fd53fa865ca5d1362911be50cee6479fe612":"ddec02c0b83e11d7d3586d0ebab0d469d3651283d4f591924d25a0d0f481b230","/.git/objects/6e/c779ce17cb238e4b1b748a7380242b33ec0494":"afddcc367a18f58e75efd31dd6ce352ef9dd2ac61e40222b1a2088efd5b8c40d","/.git/objects/a4/f269cffd2f84d01ca7e34a227d819836dd34cb":"bd6d7591f8c2eb4a9191be05869f0335ba940f016957295c499863fd744e5ee0","/.git/objects/72/5ae8bbd39f0e013f16a45212e4d9bd1f4a8186":"75edaad063ecd6d10f1fe23a5ad46026ad141ff5b1f7ad10dbeb394d764fd6e6","/.git/objects/97/4dfd97b6033d0588b8e9854a7a553d6991074c":"eff473582298b88c6be158c32c7f62e2e6d5322719f131cdb686a9ac6e4e5137","/.git/objects/4b/f910820aa88a463ac33b193779a4895feaafbc":"200604deb1e585c6a867389b09588559ec788227948c99627b84586ef9d46932","/.git/objects/6b/6114114f4e89a1f2d0e911ff090e541af1260c":"c2c72ded700fcb7e09bdfcdba7f662aa13b601ec1b3f17ed506b8dec2e4aec0b","/.git/objects/47/401d6bc42b433a82f5430f1af87fb3005316b5":"dc26a66383d5d2cfef6c425f05f5da31310d07e3dfaaf363db96d2aa0dca16a5","/.git/objects/d4/77e6f5429caa859aff8948c482fe849637bb6c":"33123fa0856702018199c575be6b0016e4033c73a9f24ed1e1f993069533b620","/.git/objects/68/93eb13237060adc0c968a690149a49faa2d7d3":"925a5d6d3d91f2afac6d61f0b16fc84d74382a194df83fe98ba6e9f790f60a71","/.git/objects/46/de944d0cfd89f7cb2738d2944f818562fe02ad":"a919513989fdc35c782880b350be688710aff9e2dfc7aad1d63edbf94ba534f5","/.git/objects/14/da34324cbb918c1523a05fb63c27d33a4577f6":"64e45baa9d518439edd54615696e4c03a6ca795f08869d6e67f5abd814535f5d","/.git/objects/6c/df907ab273bef33ee6e20324737f006e7319a9":"9a23f0f23da84e3891d6045f61775d72e28be617a9d19fa8659dd9880634958f","/.git/objects/05/b2ab0dd480c6b83a6b8c45a6f0bbd931cf4e31":"4fd3d4a2a8c2bc5c542f1c96aa881fbcde3f9d78d8af60202b9e11287b92a5c1","/.vs/slnx.sqlite":"4c025978dec9426b837e190baf5d4c3c6f23298c7a1ad641d62ed720247b32aa","/.git/logs/HEAD":"a56f47386c61b481a061a0b030710327441faa6d05e87193d2666854d678c2c5","/.git/objects/76/7c4c7609581b9c78d0f2d7b8b67efe2a9db18a":"0ba53637e6c331ebd608a259092e2ae85764ca5fddb485f7de8fcbea25c0656c","/.vs/Practice121.slnx/FileContentIndex/dd6b82d4-90de-4b65-a75c-288d9499e1f5.vsidx":"aca74c789b3e616f4f04ece13d0bb1e291bfe72de2ff4dcf4037f5c5a7ff5bf5","/.git/logs/refs/heads/main":"dd8362a77f9b84c2ddbc5fbe22e752ce4ced05e965630060a93017d2ee335ef1","/.git/logs/refs/remotes/origin/main":"5d320a43b630712424c0919242701e6b453721e6f7acc8d67e82da93dd81609a","/.git/logs/refs/remotes/origin/HEAD":"774daa662398db08fda555a42d59c900e9ff087fac5b786814eec9267d98d486","/.git/logs/refs/remotes/origin/feature/homepage-redesign":"408d7e58b5a6a0bd9d8a72e9400ce9e5ef44315bb74e173a54bf375b3a040d9f","/.git/logs/refs/heads/feature/homepage-redesign":"fac975097c692c344b6990f5c15a23ca97866c11d57c23acf432222329425de3","/.git/info/exclude":"994a83b0bd13a31e35114caf18e8b7fcff4253406797d657aa1d9ea64c7b721d","/.git/hooks/update.sample":"a022fa3ca5c3a9dffa3c09dc035866a2c4e6e935a372724aabba8dd6a5639fee","/.git/hooks/push-to-checkout.sample":"b686f0c3faae36d5e3110bd8933f861039094c0a996e5c55c3a776a209ca119b","/.git/hooks/sendemail-validate.sample":"5179ae7bdd72e97e2d9cdbfcec1e72434f42f7f5748665239355f08badcbbee7","/.git/hooks/prepare-commit-msg.sample":"da47e5ee9571edfcb45598d9e1ed424dc30a87011c99c5d205015bbc8cfe16cc","/.git/hooks/pre-rebase.sample":"4c12afd92c797d205ded918d4da7fff21f264e3347ccfe1f718df372100dea0e","/.git/hooks/pre-receive.sample":"518430951f2c7182a5fc07191f43236719c64a5244e0ac82131ea92dbe4a2f67","/.git/hooks/pre-merge-commit.sample":"08d54483ffa10c472d4b5bf54e637a763a905f6909af1491ad4ca8a19241496c","/.git/hooks/pre-commit.sample":"0dc110f82f15687bb7daae0e09828a248ba74bacc4373b6c5e395fa1140853ef","/.git/hooks/pre-applypatch.sample":"efd041617b404639750884bd01917d80c6ec9917e3021e448a1386a237184a36","/.git/hooks/pre-push.sample":"661c005b1ebf95bb520578d7421bf511e0d91ecac507fc1818ee60c2e3127f64","/.git/hooks/fsmonitor-watchman.sample":"c7efd67fa8de750df765a1cf18a7bdf6c2298ab4a4ab1eed2772a32e4fd9725d","/.git/hooks/commit-msg.sample":"00ffdd1510ab6aa72447787ad1516c9bea8345a9cf6ac5345afb1f44aba07f6f","/.git/hooks/applypatch-msg.sample":"e989aeea500fde675ea8ee009c4cf25aae7abbf4dd02c15b04cb8c85404dbca3","/.git/hooks/post-update.sample":"4545774e0eba6264d25197fec3cc1520bfd61d16bf6b417b7b1566460ebc28ec"}}
[debug] [2026-08-27T10:14:37.406Z] <<< [apiv2][status] POST https://firebasehosting.googleapis.com/v1beta1/projects/768564576964/sites/practice121-web/versions/051496a13d61a640:populateFiles 200
[debug] [2026-08-27T10:14:37.407Z] <<< [apiv2][body] POST https://firebasehosting.googleapis.com/v1beta1/projects/768564576964/sites/practice121-web/versions/051496a13d61a640:populateFiles {"uploadRequiredHashes":["e7322748a11240d4491e263ae9e74e2037bc7590a2046a20ef73f3eb6b7bcf87","661c005b1ebf95bb520578d7421bf511e0d91ecac507fc1818ee60c2e3127f64","4c025978dec9426b837e190baf5d4c3c6f23298c7a1ad641d62ed720247b32aa","82406efccfbaa0195ef86e8c8aa8fc71d38fb93a6aa0fbd00d90629d3bbe2342","4fd3d4a2a8c2bc5c542f1c96aa881fbcde3f9d78d8af60202b9e11287b92a5c1","309067256ef321c6851b59e293ca58f7ccae3509e768e9597fd3348d34570b32","049e2e70459a9511714546b840c97a1536e2256e425c96bafbefed8085283577","8ed54f09117e33d7dc0bc4868b8cd0bf76c75231249bb3496ae9fd71a388e03d","04abf159d192c416331ccd075a504ed8dfd2c20b9703c63475fe2e60ddf870d9","c2c72ded700fcb7e09bdfcdba7f662aa13b601ec1b3f17ed506b8dec2e4aec0b","5179ae7bdd72e97e2d9cdbfcec1e72434f42f7f5748665239355f08badcbbee7","9ec685b90b5809dec82bd01a0ece40e91f97c54de1cc59a0d6fbb45de8b68f2d","d105f1217316455a4497388695e257661c732f8ab33c2c48dec7fc124f6db189","08d54483ffa10c472d4b5bf54e637a763a905f6909af1491ad4ca8a19241496c","a022fa3ca5c3a9dffa3c09dc035866a2c4e6e935a372724aabba8dd6a5639fee","3d404a6231edd2e11df9c6c591d6b1f17dec92946f1bbe2513522691fb5ffba2","afddcc367a18f58e75efd31dd6ce352ef9dd2ac61e40222b1a2088efd5b8c40d","0ba53637e6c331ebd608a259092e2ae85764ca5fddb485f7de8fcbea25c0656c","23960fa2316fb1cd093c7920df1e9c864ee8c2d784908f7372cd5da920fc3d48","518430951f2c7182a5fc07191f43236719c64a5244e0ac82131ea92dbe4a2f67","64e45baa9d518439edd54615696e4c03a6ca795f08869d6e67f5abd814535f5d","a919513989fdc35c782880b350be688710aff9e2dfc7aad1d63edbf94ba534f5","efd041617b404639750884bd01917d80c6ec9917e3021e448a1386a237184a36","75edaad063ecd6d10f1fe23a5ad46026ad141ff5b1f7ad10dbeb394d764fd6e6","b686f0c3faae36d5e3110bd8933f861039094c0a996e5c55c3a776a209ca119b","ddec02c0b83e11d7d3586d0ebab0d469d3651283d4f591924d25a0d0f481b230","008adc044d2d4bde3a6b0e7964ca8fef99f7f565dafdb8d01a18c9e99b0ee18c","0200384828cbc49da212d1b167cc859b98e3d98f2583a5db5ebae2940a665c6a","fac975097c692c344b6990f5c15a23ca97866c11d57c23acf432222329425de3","57ea7c2b32337e875afbd6cad9cdf5da8abaf885127af978ded0a4bcbee4b77d","e989aeea500fde675ea8ee009c4cf25aae7abbf4dd02c15b04cb8c85404dbca3","dd8362a77f9b84c2ddbc5fbe22e752ce4ced05e965630060a93017d2ee335ef1","4545774e0eba6264d25197fec3cc1520bfd61d16bf6b417b7b1566460ebc28ec","925a5d6d3d91f2afac6d61f0b16fc84d74382a194df83fe98ba6e9f790f60a71","5d320a43b630712424c0919242701e6b453721e6f7acc8d67e82da93dd81609a","9e5b64e0a1482e59cafd553bc5ef7ac3765d7314b9293b740c7f36657193ed93","774daa662398db08fda555a42d59c900e9ff087fac5b786814eec9267d98d486","dc26a66383d5d2cfef6c425f05f5da31310d07e3dfaaf363db96d2aa0dca16a5","44300fa8febcbc7a8249f34107297350f46b1b2c9f3934ba3c0dbdb875b56a64","25ab384166cd47446e020cf08baedd233bc565d249beda145aea5f39bb8580d6","00ffdd1510ab6aa72447787ad1516c9bea8345a9cf6ac5345afb1f44aba07f6f","558ed56ad1017a75477cf31764c806ad5948ec321f67c850678a270936e37d7c","65f269ca1f5dbc00865ed2640d0efbfbd7337cfdf2df9c7e313588594bdbd370","f8fa07c23a793ad6d50969ff998ff5377cbc5c05c97adcf67374520423000f37","da47e5ee9571edfcb45598d9e1ed424dc30a87011c99c5d205015bbc8cfe16cc","a56f47386c61b481a061a0b030710327441faa6d05e87193d2666854d678c2c5","eff473582298b88c6be158c32c7f62e2e6d5322719f131cdb686a9ac6e4e5137","9a23f0f23da84e3891d6045f61775d72e28be617a9d19fa8659dd9880634958f","bd6d7591f8c2eb4a9191be05869f0335ba940f016957295c499863fd744e5ee0","200604deb1e585c6a867389b09588559ec788227948c99627b84586ef9d46932","c7efd67fa8de750df765a1cf18a7bdf6c2298ab4a4ab1eed2772a32e4fd9725d","5ba780ad60ab99c201a39f76f7bd4c05b552383ca985c5f2dc35f7bbb1551fe5","6490d8f09e787b1e277f696274c055b43ac2538a11ab4ef316bb6d4c8af376ce","792b6df7a4501149d3329553bbd8ab3aa1d6a3e3c92b972511b3a8cf003e17a2","6c422307008d5c6ddff17e81aeb63cb2f7c5b0d10e488c50bc39d0235f77a0f4","408d7e58b5a6a0bd9d8a72e9400ce9e5ef44315bb74e173a54bf375b3a040d9f","44fea64ea0b4986cf22dbc28741fe402f021baf13dbd2cc8ce6aa04b24300573","f52fcaa3053c34d4cd159578941b8af1d057bfe4a19139326c58765d9341a53f","4466989f0c9b30c373c48570abd3487cdca1d2b3a236c13fb66220854810f381","994a83b0bd13a31e35114caf18e8b7fcff4253406797d657aa1d9ea64c7b721d","33123fa0856702018199c575be6b0016e4033c73a9f24ed1e1f993069533b620","aca74c789b3e616f4f04ece13d0bb1e291bfe72de2ff4dcf4037f5c5a7ff5bf5","d63d955f1b5ffdb81d7dadb505bdaf5ce73aaa4388dcd2cbcc2c6c7d109931ec","0dc110f82f15687bb7daae0e09828a248ba74bacc4373b6c5e395fa1140853ef","a0a79d81ce5bc990a53fc6d31366f8c3db7f352ad21614726c337572cb38b5cf","4c12afd92c797d205ded918d4da7fff21f264e3347ccfe1f718df372100dea0e"],"uploadUrl":"https://upload-firebasehosting.googleapis.com/upload/sites/practice121-web/versions/051496a13d61a640/files"}
[debug] [2026-08-27T10:14:37.409Z] Checked if tokens are valid: true, expires at: 1787829270891
[debug] [2026-08-27T10:14:37.409Z] Checked if tokens are valid: true, expires at: 1787829270891
[debug] [2026-08-27T10:14:37.410Z] Checked if tokens are valid: true, expires at: 1787829270891
[debug] [2026-08-27T10:14:37.410Z] Checked if tokens are valid: true, expires at: 1787829270891
[debug] [2026-08-27T10:14:37.410Z] Checked if tokens are valid: true, expires at: 1787829270891
[debug] [2026-08-27T10:14:37.410Z] Checked if tokens are valid: true, expires at: 1787829270891
[debug] [2026-08-27T10:14:37.410Z] Checked if tokens are valid: true, expires at: 1787829270891
[debug] [2026-08-27T10:14:37.410Z] Checked if tokens are valid: true, expires at: 1787829270891
[debug] [2026-08-27T10:14:37.410Z] Checked if tokens are valid: true, expires at: 1787829270891
[debug] [2026-08-27T10:14:37.411Z] Checked if tokens are valid: true, expires at: 1787829270891
[debug] [2026-08-27T10:14:37.411Z] Checked if tokens are valid: true, expires at: 1787829270891
[debug] [2026-08-27T10:14:37.411Z] Checked if tokens are valid: true, expires at: 1787829270891
[debug] [2026-08-27T10:14:37.411Z] Checked if tokens are valid: true, expires at: 1787829270891
[debug] [2026-08-27T10:14:37.411Z] Checked if tokens are valid: true, expires at: 1787829270891
[debug] [2026-08-27T10:14:37.411Z] Checked if tokens are valid: true, expires at: 1787829270891
[debug] [2026-08-27T10:14:37.411Z] Checked if tokens are valid: true, expires at: 1787829270891
[debug] [2026-08-27T10:14:37.412Z] Checked if tokens are valid: true, expires at: 1787829270891
[debug] [2026-08-27T10:14:37.412Z] Checked if tokens are valid: true, expires at: 1787829270891
[debug] [2026-08-27T10:14:37.412Z] Checked if tokens are valid: true, expires at: 1787829270891
[debug] [2026-08-27T10:14:37.412Z] Checked if tokens are valid: true, expires at: 1787829270891
[debug] [2026-08-27T10:14:37.412Z] Checked if tokens are valid: true, expires at: 1787829270891
[debug] [2026-08-27T10:14:37.412Z] Checked if tokens are valid: true, expires at: 1787829270891
[debug] [2026-08-27T10:14:37.413Z] Checked if tokens are valid: true, expires at: 1787829270891
[debug] [2026-08-27T10:14:37.413Z] Checked if tokens are valid: true, expires at: 1787829270891
[debug] [2026-08-27T10:14:37.413Z] Checked if tokens are valid: true, expires at: 1787829270891
[debug] [2026-08-27T10:14:37.413Z] Checked if tokens are valid: true, expires at: 1787829270891
[debug] [2026-08-27T10:14:37.413Z] Checked if tokens are valid: true, expires at: 1787829270891
[debug] [2026-08-27T10:14:37.413Z] Checked if tokens are valid: true, expires at: 1787829270891
[debug] [2026-08-27T10:14:37.414Z] Checked if tokens are valid: true, expires at: 1787829270891
[debug] [2026-08-27T10:14:37.414Z] Checked if tokens are valid: true, expires at: 1787829270891
[debug] [2026-08-27T10:14:37.414Z] Checked if tokens are valid: true, expires at: 1787829270891
[debug] [2026-08-27T10:14:37.414Z] Checked if tokens are valid: true, expires at: 1787829270891
[debug] [2026-08-27T10:14:37.414Z] Checked if tokens are valid: true, expires at: 1787829270891
[debug] [2026-08-27T10:14:37.414Z] Checked if tokens are valid: true, expires at: 1787829270891
[debug] [2026-08-27T10:14:37.414Z] Checked if tokens are valid: true, expires at: 1787829270891
[debug] [2026-08-27T10:14:37.414Z] Checked if tokens are valid: true, expires at: 1787829270891
[debug] [2026-08-27T10:14:37.415Z] Checked if tokens are valid: true, expires at: 1787829270891
[debug] [2026-08-27T10:14:37.415Z] Checked if tokens are valid: true, expires at: 1787829270891
[debug] [2026-08-27T10:14:37.415Z] Checked if tokens are valid: true, expires at: 1787829270891
[debug] [2026-08-27T10:14:37.415Z] Checked if tokens are valid: true, expires at: 1787829270891
[debug] [2026-08-27T10:14:37.416Z] Checked if tokens are valid: true, expires at: 1787829270891
[debug] [2026-08-27T10:14:37.416Z] Checked if tokens are valid: true, expires at: 1787829270891
[debug] [2026-08-27T10:14:37.416Z] Checked if tokens are valid: true, expires at: 1787829270891
[debug] [2026-08-27T10:14:37.416Z] Checked if tokens are valid: true, expires at: 1787829270891
[debug] [2026-08-27T10:14:37.417Z] Checked if tokens are valid: true, expires at: 1787829270891
[debug] [2026-08-27T10:14:37.417Z] Checked if tokens are valid: true, expires at: 1787829270891
[debug] [2026-08-27T10:14:37.417Z] Checked if tokens are valid: true, expires at: 1787829270891
[debug] [2026-08-27T10:14:37.417Z] Checked if tokens are valid: true, expires at: 1787829270891
[debug] [2026-08-27T10:14:37.417Z] Checked if tokens are valid: true, expires at: 1787829270891
[debug] [2026-08-27T10:14:37.418Z] Checked if tokens are valid: true, expires at: 1787829270891
[debug] [2026-08-27T10:14:37.418Z] Checked if tokens are valid: true, expires at: 1787829270891
[debug] [2026-08-27T10:14:37.418Z] Checked if tokens are valid: true, expires at: 1787829270891
[debug] [2026-08-27T10:14:37.418Z] Checked if tokens are valid: true, expires at: 1787829270891
[debug] [2026-08-27T10:14:37.418Z] Checked if tokens are valid: true, expires at: 1787829270891
[debug] [2026-08-27T10:14:37.419Z] Checked if tokens are valid: true, expires at: 1787829270891
[debug] [2026-08-27T10:14:37.419Z] Checked if tokens are valid: true, expires at: 1787829270891
[debug] [2026-08-27T10:14:37.419Z] Checked if tokens are valid: true, expires at: 1787829270891
[debug] [2026-08-27T10:14:37.419Z] Checked if tokens are valid: true, expires at: 1787829270891
[debug] [2026-08-27T10:14:37.420Z] Checked if tokens are valid: true, expires at: 1787829270891
[debug] [2026-08-27T10:14:37.420Z] Checked if tokens are valid: true, expires at: 1787829270891
[debug] [2026-08-27T10:14:37.420Z] Checked if tokens are valid: true, expires at: 1787829270891
[debug] [2026-08-27T10:14:37.420Z] Checked if tokens are valid: true, expires at: 1787829270891
[debug] [2026-08-27T10:14:37.420Z] Checked if tokens are valid: true, expires at: 1787829270891
[debug] [2026-08-27T10:14:37.421Z] Checked if tokens are valid: true, expires at: 1787829270891
[debug] [2026-08-27T10:14:37.421Z] Checked if tokens are valid: true, expires at: 1787829270891
[debug] [2026-08-27T10:14:37.421Z] Checked if tokens are valid: true, expires at: 1787829270891
[debug] [2026-08-27T10:14:37.421Z] Checked if tokens are valid: true, expires at: 1787829270891
[debug] [2026-08-27T10:14:37.421Z] Checked if tokens are valid: true, expires at: 1787829270891
[debug] [2026-08-27T10:14:37.421Z] Checked if tokens are valid: true, expires at: 1787829270891
[debug] [2026-08-27T10:14:37.422Z] Checked if tokens are valid: true, expires at: 1787829270891
[debug] [2026-08-27T10:14:37.422Z] Checked if tokens are valid: true, expires at: 1787829270891
[debug] [2026-08-27T10:14:37.422Z] Checked if tokens are valid: true, expires at: 1787829270891
[debug] [2026-08-27T10:14:37.422Z] Checked if tokens are valid: true, expires at: 1787829270891
[debug] [2026-08-27T10:14:37.422Z] Checked if tokens are valid: true, expires at: 1787829270891
[debug] [2026-08-27T10:14:37.422Z] Checked if tokens are valid: true, expires at: 1787829270891
[debug] [2026-08-27T10:14:37.423Z] Checked if tokens are valid: true, expires at: 1787829270891
[debug] [2026-08-27T10:14:37.424Z] Checked if tokens are valid: true, expires at: 1787829270891
[debug] [2026-08-27T10:14:37.424Z] Checked if tokens are valid: true, expires at: 1787829270891
[debug] [2026-08-27T10:14:37.424Z] Checked if tokens are valid: true, expires at: 1787829270891
[debug] [2026-08-27T10:14:37.424Z] Checked if tokens are valid: true, expires at: 1787829270891
[debug] [2026-08-27T10:14:37.424Z] Checked if tokens are valid: true, expires at: 1787829270891
[debug] [2026-08-27T10:14:37.424Z] Checked if tokens are valid: true, expires at: 1787829270891
[debug] [2026-08-27T10:14:37.424Z] Checked if tokens are valid: true, expires at: 1787829270891
[debug] [2026-08-27T10:14:37.425Z] Checked if tokens are valid: true, expires at: 1787829270891
[debug] [2026-08-27T10:14:37.425Z] Checked if tokens are valid: true, expires at: 1787829270891
[debug] [2026-08-27T10:14:37.425Z] Checked if tokens are valid: true, expires at: 1787829270891
[debug] [2026-08-27T10:14:37.425Z] Checked if tokens are valid: true, expires at: 1787829270891
[debug] [2026-08-27T10:14:37.425Z] Checked if tokens are valid: true, expires at: 1787829270891
[debug] [2026-08-27T10:14:37.426Z] Checked if tokens are valid: true, expires at: 1787829270891
[debug] [2026-08-27T10:14:37.426Z] Checked if tokens are valid: true, expires at: 1787829270891
[debug] [2026-08-27T10:14:37.426Z] Checked if tokens are valid: true, expires at: 1787829270891
[debug] [2026-08-27T10:14:37.426Z] Checked if tokens are valid: true, expires at: 1787829270891
[debug] [2026-08-27T10:14:37.426Z] Checked if tokens are valid: true, expires at: 1787829270891
[debug] [2026-08-27T10:14:37.426Z] Checked if tokens are valid: true, expires at: 1787829270891
[debug] [2026-08-27T10:14:37.426Z] Checked if tokens are valid: true, expires at: 1787829270891
[debug] [2026-08-27T10:14:37.426Z] Checked if tokens are valid: true, expires at: 1787829270891
[debug] [2026-08-27T10:14:37.427Z] Checked if tokens are valid: true, expires at: 1787829270891
[debug] [2026-08-27T10:14:37.427Z] Checked if tokens are valid: true, expires at: 1787829270891
[debug] [2026-08-27T10:14:37.427Z] Checked if tokens are valid: true, expires at: 1787829270891
[debug] [2026-08-27T10:14:37.427Z] Checked if tokens are valid: true, expires at: 1787829270891
[debug] [2026-08-27T10:14:37.427Z] Checked if tokens are valid: true, expires at: 1787829270891
[debug] [2026-08-27T10:14:37.427Z] Checked if tokens are valid: true, expires at: 1787829270891
[debug] [2026-08-27T10:14:37.427Z] Checked if tokens are valid: true, expires at: 1787829270891
[debug] [2026-08-27T10:14:37.427Z] Checked if tokens are valid: true, expires at: 1787829270891
[debug] [2026-08-27T10:14:37.428Z] Checked if tokens are valid: true, expires at: 1787829270891
[debug] [2026-08-27T10:14:37.428Z] Checked if tokens are valid: true, expires at: 1787829270891
[debug] [2026-08-27T10:14:37.428Z] Checked if tokens are valid: true, expires at: 1787829270891
[debug] [2026-08-27T10:14:37.428Z] Checked if tokens are valid: true, expires at: 1787829270891
[debug] [2026-08-27T10:14:37.428Z] Checked if tokens are valid: true, expires at: 1787829270891
[debug] [2026-08-27T10:14:37.428Z] Checked if tokens are valid: true, expires at: 1787829270891
[debug] [2026-08-27T10:14:37.428Z] Checked if tokens are valid: true, expires at: 1787829270891
[debug] [2026-08-27T10:14:37.428Z] Checked if tokens are valid: true, expires at: 1787829270891
[debug] [2026-08-27T10:14:37.429Z] Checked if tokens are valid: true, expires at: 1787829270891
[debug] [2026-08-27T10:14:37.429Z] Checked if tokens are valid: true, expires at: 1787829270891
[debug] [2026-08-27T10:14:37.430Z] Checked if tokens are valid: true, expires at: 1787829270891
[debug] [2026-08-27T10:14:37.430Z] Checked if tokens are valid: true, expires at: 1787829270891
[debug] [2026-08-27T10:14:37.430Z] Checked if tokens are valid: true, expires at: 1787829270891
[debug] [2026-08-27T10:14:37.430Z] Checked if tokens are valid: true, expires at: 1787829270891
[debug] [2026-08-27T10:14:37.431Z] Checked if tokens are valid: true, expires at: 1787829270891
[debug] [2026-08-27T10:14:37.431Z] Checked if tokens are valid: true, expires at: 1787829270891
[debug] [2026-08-27T10:14:37.431Z] Checked if tokens are valid: true, expires at: 1787829270891
[debug] [2026-08-27T10:14:37.431Z] Checked if tokens are valid: true, expires at: 1787829270891
[debug] [2026-08-27T10:14:37.431Z] Checked if tokens are valid: true, expires at: 1787829270891
[debug] [2026-08-27T10:14:37.431Z] Checked if tokens are valid: true, expires at: 1787829270891
[debug] [2026-08-27T10:14:37.432Z] Checked if tokens are valid: true, expires at: 1787829270891
[debug] [2026-08-27T10:14:37.432Z] Checked if tokens are valid: true, expires at: 1787829270891
[debug] [2026-08-27T10:14:37.432Z] Checked if tokens are valid: true, expires at: 1787829270891
[debug] [2026-08-27T10:14:37.432Z] Checked if tokens are valid: true, expires at: 1787829270891
[debug] [2026-08-27T10:14:37.433Z] Checked if tokens are valid: true, expires at: 1787829270891
[debug] [2026-08-27T10:14:37.433Z] Checked if tokens are valid: true, expires at: 1787829270891
[debug] [2026-08-27T10:14:37.433Z] Checked if tokens are valid: true, expires at: 1787829270891
[debug] [2026-08-27T10:14:37.433Z] Checked if tokens are valid: true, expires at: 1787829270891
[debug] [2026-08-27T10:14:37.434Z] >>> [apiv2][query] POST https://upload-firebasehosting.googleapis.com/upload/sites/practice121-web/versions/051496a13d61a640/files/e7322748a11240d4491e263ae9e74e2037bc7590a2046a20ef73f3eb6b7bcf87 [none]
[debug] [2026-08-27T10:14:37.434Z] >>> [apiv2][body] POST https://upload-firebasehosting.googleapis.com/upload/sites/practice121-web/versions/051496a13d61a640/files/e7322748a11240d4491e263ae9e74e2037bc7590a2046a20ef73f3eb6b7bcf87 [stream]
[debug] [2026-08-27T10:14:37.436Z] >>> [apiv2][query] POST https://upload-firebasehosting.googleapis.com/upload/sites/practice121-web/versions/051496a13d61a640/files/661c005b1ebf95bb520578d7421bf511e0d91ecac507fc1818ee60c2e3127f64 [none]
[debug] [2026-08-27T10:14:37.436Z] >>> [apiv2][body] POST https://upload-firebasehosting.googleapis.com/upload/sites/practice121-web/versions/051496a13d61a640/files/661c005b1ebf95bb520578d7421bf511e0d91ecac507fc1818ee60c2e3127f64 [stream]
[debug] [2026-08-27T10:14:37.437Z] >>> [apiv2][query] POST https://upload-firebasehosting.googleapis.com/upload/sites/practice121-web/versions/051496a13d61a640/files/4c025978dec9426b837e190baf5d4c3c6f23298c7a1ad641d62ed720247b32aa [none]
[debug] [2026-08-27T10:14:37.437Z] >>> [apiv2][body] POST https://upload-firebasehosting.googleapis.com/upload/sites/practice121-web/versions/051496a13d61a640/files/4c025978dec9426b837e190baf5d4c3c6f23298c7a1ad641d62ed720247b32aa [stream]
[debug] [2026-08-27T10:14:37.438Z] >>> [apiv2][query] POST https://upload-firebasehosting.googleapis.com/upload/sites/practice121-web/versions/051496a13d61a640/files/82406efccfbaa0195ef86e8c8aa8fc71d38fb93a6aa0fbd00d90629d3bbe2342 [none]
[debug] [2026-08-27T10:14:37.438Z] >>> [apiv2][body] POST https://upload-firebasehosting.googleapis.com/upload/sites/practice121-web/versions/051496a13d61a640/files/82406efccfbaa0195ef86e8c8aa8fc71d38fb93a6aa0fbd00d90629d3bbe2342 [stream]
[debug] [2026-08-27T10:14:37.439Z] >>> [apiv2][query] POST https://upload-firebasehosting.googleapis.com/upload/sites/practice121-web/versions/051496a13d61a640/files/4fd3d4a2a8c2bc5c542f1c96aa881fbcde3f9d78d8af60202b9e11287b92a5c1 [none]
[debug] [2026-08-27T10:14:37.440Z] >>> [apiv2][body] POST https://upload-firebasehosting.googleapis.com/upload/sites/practice121-web/versions/051496a13d61a640/files/4fd3d4a2a8c2bc5c542f1c96aa881fbcde3f9d78d8af60202b9e11287b92a5c1 [stream]
[debug] [2026-08-27T10:14:37.440Z] >>> [apiv2][query] POST https://upload-firebasehosting.googleapis.com/upload/sites/practice121-web/versions/051496a13d61a640/files/309067256ef321c6851b59e293ca58f7ccae3509e768e9597fd3348d34570b32 [none]
[debug] [2026-08-27T10:14:37.470Z] >>> [apiv2][body] POST https://upload-firebasehosting.googleapis.com/upload/sites/practice121-web/versions/051496a13d61a640/files/309067256ef321c6851b59e293ca58f7ccae3509e768e9597fd3348d34570b32 [stream]
[debug] [2026-08-27T10:14:37.471Z] >>> [apiv2][query] POST https://upload-firebasehosting.googleapis.com/upload/sites/practice121-web/versions/051496a13d61a640/files/049e2e70459a9511714546b840c97a1536e2256e425c96bafbefed8085283577 [none]
[debug] [2026-08-27T10:14:37.471Z] >>> [apiv2][body] POST https://upload-firebasehosting.googleapis.com/upload/sites/practice121-web/versions/051496a13d61a640/files/049e2e70459a9511714546b840c97a1536e2256e425c96bafbefed8085283577 [stream]
[debug] [2026-08-27T10:14:37.472Z] >>> [apiv2][query] POST https://upload-firebasehosting.googleapis.com/upload/sites/practice121-web/versions/051496a13d61a640/files/8ed54f09117e33d7dc0bc4868b8cd0bf76c75231249bb3496ae9fd71a388e03d [none]
[debug] [2026-08-27T10:14:37.472Z] >>> [apiv2][body] POST https://upload-firebasehosting.googleapis.com/upload/sites/practice121-web/versions/051496a13d61a640/files/8ed54f09117e33d7dc0bc4868b8cd0bf76c75231249bb3496ae9fd71a388e03d [stream]
[debug] [2026-08-27T10:14:37.473Z] >>> [apiv2][query] POST https://upload-firebasehosting.googleapis.com/upload/sites/practice121-web/versions/051496a13d61a640/files/04abf159d192c416331ccd075a504ed8dfd2c20b9703c63475fe2e60ddf870d9 [none]
[debug] [2026-08-27T10:14:37.473Z] >>> [apiv2][body] POST https://upload-firebasehosting.googleapis.com/upload/sites/practice121-web/versions/051496a13d61a640/files/04abf159d192c416331ccd075a504ed8dfd2c20b9703c63475fe2e60ddf870d9 [stream]
[debug] [2026-08-27T10:14:37.474Z] >>> [apiv2][query] POST https://upload-firebasehosting.googleapis.com/upload/sites/practice121-web/versions/051496a13d61a640/files/c2c72ded700fcb7e09bdfcdba7f662aa13b601ec1b3f17ed506b8dec2e4aec0b [none]
[debug] [2026-08-27T10:14:37.474Z] >>> [apiv2][body] POST https://upload-firebasehosting.googleapis.com/upload/sites/practice121-web/versions/051496a13d61a640/files/c2c72ded700fcb7e09bdfcdba7f662aa13b601ec1b3f17ed506b8dec2e4aec0b [stream]
[debug] [2026-08-27T10:14:37.475Z] >>> [apiv2][query] POST https://upload-firebasehosting.googleapis.com/upload/sites/practice121-web/versions/051496a13d61a640/files/5179ae7bdd72e97e2d9cdbfcec1e72434f42f7f5748665239355f08badcbbee7 [none]
[debug] [2026-08-27T10:14:37.475Z] >>> [apiv2][body] POST https://upload-firebasehosting.googleapis.com/upload/sites/practice121-web/versions/051496a13d61a640/files/5179ae7bdd72e97e2d9cdbfcec1e72434f42f7f5748665239355f08badcbbee7 [stream]
[debug] [2026-08-27T10:14:37.475Z] >>> [apiv2][query] POST https://upload-firebasehosting.googleapis.com/upload/sites/practice121-web/versions/051496a13d61a640/files/9ec685b90b5809dec82bd01a0ece40e91f97c54de1cc59a0d6fbb45de8b68f2d [none]
[debug] [2026-08-27T10:14:37.475Z] >>> [apiv2][body] POST https://upload-firebasehosting.googleapis.com/upload/sites/practice121-web/versions/051496a13d61a640/files/9ec685b90b5809dec82bd01a0ece40e91f97c54de1cc59a0d6fbb45de8b68f2d [stream]
[debug] [2026-08-27T10:14:37.476Z] >>> [apiv2][query] POST https://upload-firebasehosting.googleapis.com/upload/sites/practice121-web/versions/051496a13d61a640/files/d105f1217316455a4497388695e257661c732f8ab33c2c48dec7fc124f6db189 [none]
[debug] [2026-08-27T10:14:37.476Z] >>> [apiv2][body] POST https://upload-firebasehosting.googleapis.com/upload/sites/practice121-web/versions/051496a13d61a640/files/d105f1217316455a4497388695e257661c732f8ab33c2c48dec7fc124f6db189 [stream]
[debug] [2026-08-27T10:14:37.476Z] >>> [apiv2][query] POST https://upload-firebasehosting.googleapis.com/upload/sites/practice121-web/versions/051496a13d61a640/files/08d54483ffa10c472d4b5bf54e637a763a905f6909af1491ad4ca8a19241496c [none]
[debug] [2026-08-27T10:14:37.476Z] >>> [apiv2][body] POST https://upload-firebasehosting.googleapis.com/upload/sites/practice121-web/versions/051496a13d61a640/files/08d54483ffa10c472d4b5bf54e637a763a905f6909af1491ad4ca8a19241496c [stream]
[debug] [2026-08-27T10:14:37.477Z] >>> [apiv2][query] POST https://upload-firebasehosting.googleapis.com/upload/sites/practice121-web/versions/051496a13d61a640/files/a022fa3ca5c3a9dffa3c09dc035866a2c4e6e935a372724aabba8dd6a5639fee [none]
[debug] [2026-08-27T10:14:37.477Z] >>> [apiv2][body] POST https://upload-firebasehosting.googleapis.com/upload/sites/practice121-web/versions/051496a13d61a640/files/a022fa3ca5c3a9dffa3c09dc035866a2c4e6e935a372724aabba8dd6a5639fee [stream]
[debug] [2026-08-27T10:14:37.477Z] >>> [apiv2][query] POST https://upload-firebasehosting.googleapis.com/upload/sites/practice121-web/versions/051496a13d61a640/files/3d404a6231edd2e11df9c6c591d6b1f17dec92946f1bbe2513522691fb5ffba2 [none]
[debug] [2026-08-27T10:14:37.477Z] >>> [apiv2][body] POST https://upload-firebasehosting.googleapis.com/upload/sites/practice121-web/versions/051496a13d61a640/files/3d404a6231edd2e11df9c6c591d6b1f17dec92946f1bbe2513522691fb5ffba2 [stream]
[debug] [2026-08-27T10:14:37.478Z] >>> [apiv2][query] POST https://upload-firebasehosting.googleapis.com/upload/sites/practice121-web/versions/051496a13d61a640/files/afddcc367a18f58e75efd31dd6ce352ef9dd2ac61e40222b1a2088efd5b8c40d [none]
[debug] [2026-08-27T10:14:37.478Z] >>> [apiv2][body] POST https://upload-firebasehosting.googleapis.com/upload/sites/practice121-web/versions/051496a13d61a640/files/afddcc367a18f58e75efd31dd6ce352ef9dd2ac61e40222b1a2088efd5b8c40d [stream]
[debug] [2026-08-27T10:14:37.479Z] >>> [apiv2][query] POST https://upload-firebasehosting.googleapis.com/upload/sites/practice121-web/versions/051496a13d61a640/files/0ba53637e6c331ebd608a259092e2ae85764ca5fddb485f7de8fcbea25c0656c [none]
[debug] [2026-08-27T10:14:37.479Z] >>> [apiv2][body] POST https://upload-firebasehosting.googleapis.com/upload/sites/practice121-web/versions/051496a13d61a640/files/0ba53637e6c331ebd608a259092e2ae85764ca5fddb485f7de8fcbea25c0656c [stream]
[debug] [2026-08-27T10:14:37.479Z] >>> [apiv2][query] POST https://upload-firebasehosting.googleapis.com/upload/sites/practice121-web/versions/051496a13d61a640/files/23960fa2316fb1cd093c7920df1e9c864ee8c2d784908f7372cd5da920fc3d48 [none]
[debug] [2026-08-27T10:14:37.480Z] >>> [apiv2][body] POST https://upload-firebasehosting.googleapis.com/upload/sites/practice121-web/versions/051496a13d61a640/files/23960fa2316fb1cd093c7920df1e9c864ee8c2d784908f7372cd5da920fc3d48 [stream]
[debug] [2026-08-27T10:14:37.480Z] >>> [apiv2][query] POST https://upload-firebasehosting.googleapis.com/upload/sites/practice121-web/versions/051496a13d61a640/files/518430951f2c7182a5fc07191f43236719c64a5244e0ac82131ea92dbe4a2f67 [none]
[debug] [2026-08-27T10:14:37.480Z] >>> [apiv2][body] POST https://upload-firebasehosting.googleapis.com/upload/sites/practice121-web/versions/051496a13d61a640/files/518430951f2c7182a5fc07191f43236719c64a5244e0ac82131ea92dbe4a2f67 [stream]
[debug] [2026-08-27T10:14:37.480Z] >>> [apiv2][query] POST https://upload-firebasehosting.googleapis.com/upload/sites/practice121-web/versions/051496a13d61a640/files/64e45baa9d518439edd54615696e4c03a6ca795f08869d6e67f5abd814535f5d [none]
[debug] [2026-08-27T10:14:37.481Z] >>> [apiv2][body] POST https://upload-firebasehosting.googleapis.com/upload/sites/practice121-web/versions/051496a13d61a640/files/64e45baa9d518439edd54615696e4c03a6ca795f08869d6e67f5abd814535f5d [stream]
[debug] [2026-08-27T10:14:37.481Z] >>> [apiv2][query] POST https://upload-firebasehosting.googleapis.com/upload/sites/practice121-web/versions/051496a13d61a640/files/a919513989fdc35c782880b350be688710aff9e2dfc7aad1d63edbf94ba534f5 [none]
[debug] [2026-08-27T10:14:37.481Z] >>> [apiv2][body] POST https://upload-firebasehosting.googleapis.com/upload/sites/practice121-web/versions/051496a13d61a640/files/a919513989fdc35c782880b350be688710aff9e2dfc7aad1d63edbf94ba534f5 [stream]
[debug] [2026-08-27T10:14:37.482Z] >>> [apiv2][query] POST https://upload-firebasehosting.googleapis.com/upload/sites/practice121-web/versions/051496a13d61a640/files/efd041617b404639750884bd01917d80c6ec9917e3021e448a1386a237184a36 [none]
[debug] [2026-08-27T10:14:37.482Z] >>> [apiv2][body] POST https://upload-firebasehosting.googleapis.com/upload/sites/practice121-web/versions/051496a13d61a640/files/efd041617b404639750884bd01917d80c6ec9917e3021e448a1386a237184a36 [stream]
[debug] [2026-08-27T10:14:37.482Z] >>> [apiv2][query] POST https://upload-firebasehosting.googleapis.com/upload/sites/practice121-web/versions/051496a13d61a640/files/75edaad063ecd6d10f1fe23a5ad46026ad141ff5b1f7ad10dbeb394d764fd6e6 [none]
[debug] [2026-08-27T10:14:37.482Z] >>> [apiv2][body] POST https://upload-firebasehosting.googleapis.com/upload/sites/practice121-web/versions/051496a13d61a640/files/75edaad063ecd6d10f1fe23a5ad46026ad141ff5b1f7ad10dbeb394d764fd6e6 [stream]
[debug] [2026-08-27T10:14:37.482Z] >>> [apiv2][query] POST https://upload-firebasehosting.googleapis.com/upload/sites/practice121-web/versions/051496a13d61a640/files/b686f0c3faae36d5e3110bd8933f861039094c0a996e5c55c3a776a209ca119b [none]
[debug] [2026-08-27T10:14:37.483Z] >>> [apiv2][body] POST https://upload-firebasehosting.googleapis.com/upload/sites/practice121-web/versions/051496a13d61a640/files/b686f0c3faae36d5e3110bd8933f861039094c0a996e5c55c3a776a209ca119b [stream]
[debug] [2026-08-27T10:14:37.483Z] >>> [apiv2][query] POST https://upload-firebasehosting.googleapis.com/upload/sites/practice121-web/versions/051496a13d61a640/files/ddec02c0b83e11d7d3586d0ebab0d469d3651283d4f591924d25a0d0f481b230 [none]
[debug] [2026-08-27T10:14:37.483Z] >>> [apiv2][body] POST https://upload-firebasehosting.googleapis.com/upload/sites/practice121-web/versions/051496a13d61a640/files/ddec02c0b83e11d7d3586d0ebab0d469d3651283d4f591924d25a0d0f481b230 [stream]
[debug] [2026-08-27T10:14:37.484Z] >>> [apiv2][query] POST https://upload-firebasehosting.googleapis.com/upload/sites/practice121-web/versions/051496a13d61a640/files/008adc044d2d4bde3a6b0e7964ca8fef99f7f565dafdb8d01a18c9e99b0ee18c [none]
[debug] [2026-08-27T10:14:37.484Z] >>> [apiv2][body] POST https://upload-firebasehosting.googleapis.com/upload/sites/practice121-web/versions/051496a13d61a640/files/008adc044d2d4bde3a6b0e7964ca8fef99f7f565dafdb8d01a18c9e99b0ee18c [stream]
[debug] [2026-08-27T10:14:37.484Z] >>> [apiv2][query] POST https://upload-firebasehosting.googleapis.com/upload/sites/practice121-web/versions/051496a13d61a640/files/0200384828cbc49da212d1b167cc859b98e3d98f2583a5db5ebae2940a665c6a [none]
[debug] [2026-08-27T10:14:37.485Z] >>> [apiv2][body] POST https://upload-firebasehosting.googleapis.com/upload/sites/practice121-web/versions/051496a13d61a640/files/0200384828cbc49da212d1b167cc859b98e3d98f2583a5db5ebae2940a665c6a [stream]
[debug] [2026-08-27T10:14:37.485Z] >>> [apiv2][query] POST https://upload-firebasehosting.googleapis.com/upload/sites/practice121-web/versions/051496a13d61a640/files/fac975097c692c344b6990f5c15a23ca97866c11d57c23acf432222329425de3 [none]
[debug] [2026-08-27T10:14:37.485Z] >>> [apiv2][body] POST https://upload-firebasehosting.googleapis.com/upload/sites/practice121-web/versions/051496a13d61a640/files/fac975097c692c344b6990f5c15a23ca97866c11d57c23acf432222329425de3 [stream]
[debug] [2026-08-27T10:14:37.486Z] >>> [apiv2][query] POST https://upload-firebasehosting.googleapis.com/upload/sites/practice121-web/versions/051496a13d61a640/files/57ea7c2b32337e875afbd6cad9cdf5da8abaf885127af978ded0a4bcbee4b77d [none]
[debug] [2026-08-27T10:14:37.486Z] >>> [apiv2][body] POST https://upload-firebasehosting.googleapis.com/upload/sites/practice121-web/versions/051496a13d61a640/files/57ea7c2b32337e875afbd6cad9cdf5da8abaf885127af978ded0a4bcbee4b77d [stream]
[debug] [2026-08-27T10:14:37.486Z] >>> [apiv2][query] POST https://upload-firebasehosting.googleapis.com/upload/sites/practice121-web/versions/051496a13d61a640/files/e989aeea500fde675ea8ee009c4cf25aae7abbf4dd02c15b04cb8c85404dbca3 [none]
[debug] [2026-08-27T10:14:37.486Z] >>> [apiv2][body] POST https://upload-firebasehosting.googleapis.com/upload/sites/practice121-web/versions/051496a13d61a640/files/e989aeea500fde675ea8ee009c4cf25aae7abbf4dd02c15b04cb8c85404dbca3 [stream]
[debug] [2026-08-27T10:14:37.487Z] >>> [apiv2][query] POST https://upload-firebasehosting.googleapis.com/upload/sites/practice121-web/versions/051496a13d61a640/files/dd8362a77f9b84c2ddbc5fbe22e752ce4ced05e965630060a93017d2ee335ef1 [none]
[debug] [2026-08-27T10:14:37.487Z] >>> [apiv2][body] POST https://upload-firebasehosting.googleapis.com/upload/sites/practice121-web/versions/051496a13d61a640/files/dd8362a77f9b84c2ddbc5fbe22e752ce4ced05e965630060a93017d2ee335ef1 [stream]
[debug] [2026-08-27T10:14:37.488Z] >>> [apiv2][query] POST https://upload-firebasehosting.googleapis.com/upload/sites/practice121-web/versions/051496a13d61a640/files/4545774e0eba6264d25197fec3cc1520bfd61d16bf6b417b7b1566460ebc28ec [none]
[debug] [2026-08-27T10:14:37.488Z] >>> [apiv2][body] POST https://upload-firebasehosting.googleapis.com/upload/sites/practice121-web/versions/051496a13d61a640/files/4545774e0eba6264d25197fec3cc1520bfd61d16bf6b417b7b1566460ebc28ec [stream]
[debug] [2026-08-27T10:14:37.488Z] >>> [apiv2][query] POST https://upload-firebasehosting.googleapis.com/upload/sites/practice121-web/versions/051496a13d61a640/files/925a5d6d3d91f2afac6d61f0b16fc84d74382a194df83fe98ba6e9f790f60a71 [none]
[debug] [2026-08-27T10:14:37.489Z] >>> [apiv2][body] POST https://upload-firebasehosting.googleapis.com/upload/sites/practice121-web/versions/051496a13d61a640/files/925a5d6d3d91f2afac6d61f0b16fc84d74382a194df83fe98ba6e9f790f60a71 [stream]
[debug] [2026-08-27T10:14:37.491Z] >>> [apiv2][query] POST https://upload-firebasehosting.googleapis.com/upload/sites/practice121-web/versions/051496a13d61a640/files/5d320a43b630712424c0919242701e6b453721e6f7acc8d67e82da93dd81609a [none]
[debug] [2026-08-27T10:14:37.491Z] >>> [apiv2][body] POST https://upload-firebasehosting.googleapis.com/upload/sites/practice121-web/versions/051496a13d61a640/files/5d320a43b630712424c0919242701e6b453721e6f7acc8d67e82da93dd81609a [stream]
[debug] [2026-08-27T10:14:37.491Z] >>> [apiv2][query] POST https://upload-firebasehosting.googleapis.com/upload/sites/practice121-web/versions/051496a13d61a640/files/9e5b64e0a1482e59cafd553bc5ef7ac3765d7314b9293b740c7f36657193ed93 [none]
[debug] [2026-08-27T10:14:37.491Z] >>> [apiv2][body] POST https://upload-firebasehosting.googleapis.com/upload/sites/practice121-web/versions/051496a13d61a640/files/9e5b64e0a1482e59cafd553bc5ef7ac3765d7314b9293b740c7f36657193ed93 [stream]
[debug] [2026-08-27T10:14:37.492Z] >>> [apiv2][query] POST https://upload-firebasehosting.googleapis.com/upload/sites/practice121-web/versions/051496a13d61a640/files/774daa662398db08fda555a42d59c900e9ff087fac5b786814eec9267d98d486 [none]
[debug] [2026-08-27T10:14:37.492Z] >>> [apiv2][body] POST https://upload-firebasehosting.googleapis.com/upload/sites/practice121-web/versions/051496a13d61a640/files/774daa662398db08fda555a42d59c900e9ff087fac5b786814eec9267d98d486 [stream]
[debug] [2026-08-27T10:14:37.492Z] >>> [apiv2][query] POST https://upload-firebasehosting.googleapis.com/upload/sites/practice121-web/versions/051496a13d61a640/files/dc26a66383d5d2cfef6c425f05f5da31310d07e3dfaaf363db96d2aa0dca16a5 [none]
[debug] [2026-08-27T10:14:37.492Z] >>> [apiv2][body] POST https://upload-firebasehosting.googleapis.com/upload/sites/practice121-web/versions/051496a13d61a640/files/dc26a66383d5d2cfef6c425f05f5da31310d07e3dfaaf363db96d2aa0dca16a5 [stream]
[debug] [2026-08-27T10:14:37.493Z] >>> [apiv2][query] POST https://upload-firebasehosting.googleapis.com/upload/sites/practice121-web/versions/051496a13d61a640/files/44300fa8febcbc7a8249f34107297350f46b1b2c9f3934ba3c0dbdb875b56a64 [none]
[debug] [2026-08-27T10:14:37.493Z] >>> [apiv2][body] POST https://upload-firebasehosting.googleapis.com/upload/sites/practice121-web/versions/051496a13d61a640/files/44300fa8febcbc7a8249f34107297350f46b1b2c9f3934ba3c0dbdb875b56a64 [stream]
[debug] [2026-08-27T10:14:37.494Z] >>> [apiv2][query] POST https://upload-firebasehosting.googleapis.com/upload/sites/practice121-web/versions/051496a13d61a640/files/25ab384166cd47446e020cf08baedd233bc565d249beda145aea5f39bb8580d6 [none]
[debug] [2026-08-27T10:14:37.494Z] >>> [apiv2][body] POST https://upload-firebasehosting.googleapis.com/upload/sites/practice121-web/versions/051496a13d61a640/files/25ab384166cd47446e020cf08baedd233bc565d249beda145aea5f39bb8580d6 [stream]
[debug] [2026-08-27T10:14:37.495Z] >>> [apiv2][query] POST https://upload-firebasehosting.googleapis.com/upload/sites/practice121-web/versions/051496a13d61a640/files/00ffdd1510ab6aa72447787ad1516c9bea8345a9cf6ac5345afb1f44aba07f6f [none]
[debug] [2026-08-27T10:14:37.495Z] >>> [apiv2][body] POST https://upload-firebasehosting.googleapis.com/upload/sites/practice121-web/versions/051496a13d61a640/files/00ffdd1510ab6aa72447787ad1516c9bea8345a9cf6ac5345afb1f44aba07f6f [stream]
[debug] [2026-08-27T10:14:37.496Z] >>> [apiv2][query] POST https://upload-firebasehosting.googleapis.com/upload/sites/practice121-web/versions/051496a13d61a640/files/558ed56ad1017a75477cf31764c806ad5948ec321f67c850678a270936e37d7c [none]
[debug] [2026-08-27T10:14:37.496Z] >>> [apiv2][body] POST https://upload-firebasehosting.googleapis.com/upload/sites/practice121-web/versions/051496a13d61a640/files/558ed56ad1017a75477cf31764c806ad5948ec321f67c850678a270936e37d7c [stream]
[debug] [2026-08-27T10:14:37.497Z] >>> [apiv2][query] POST https://upload-firebasehosting.googleapis.com/upload/sites/practice121-web/versions/051496a13d61a640/files/65f269ca1f5dbc00865ed2640d0efbfbd7337cfdf2df9c7e313588594bdbd370 [none]
[debug] [2026-08-27T10:14:37.497Z] >>> [apiv2][body] POST https://upload-firebasehosting.googleapis.com/upload/sites/practice121-web/versions/051496a13d61a640/files/65f269ca1f5dbc00865ed2640d0efbfbd7337cfdf2df9c7e313588594bdbd370 [stream]
[debug] [2026-08-27T10:14:37.498Z] >>> [apiv2][query] POST https://upload-firebasehosting.googleapis.com/upload/sites/practice121-web/versions/051496a13d61a640/files/f8fa07c23a793ad6d50969ff998ff5377cbc5c05c97adcf67374520423000f37 [none]
[debug] [2026-08-27T10:14:37.498Z] >>> [apiv2][body] POST https://upload-firebasehosting.googleapis.com/upload/sites/practice121-web/versions/051496a13d61a640/files/f8fa07c23a793ad6d50969ff998ff5377cbc5c05c97adcf67374520423000f37 [stream]
[debug] [2026-08-27T10:14:37.498Z] >>> [apiv2][query] POST https://upload-firebasehosting.googleapis.com/upload/sites/practice121-web/versions/051496a13d61a640/files/da47e5ee9571edfcb45598d9e1ed424dc30a87011c99c5d205015bbc8cfe16cc [none]
[debug] [2026-08-27T10:14:37.498Z] >>> [apiv2][body] POST https://upload-firebasehosting.googleapis.com/upload/sites/practice121-web/versions/051496a13d61a640/files/da47e5ee9571edfcb45598d9e1ed424dc30a87011c99c5d205015bbc8cfe16cc [stream]
[debug] [2026-08-27T10:14:37.500Z] >>> [apiv2][query] POST https://upload-firebasehosting.googleapis.com/upload/sites/practice121-web/versions/051496a13d61a640/files/a56f47386c61b481a061a0b030710327441faa6d05e87193d2666854d678c2c5 [none]
[debug] [2026-08-27T10:14:37.500Z] >>> [apiv2][body] POST https://upload-firebasehosting.googleapis.com/upload/sites/practice121-web/versions/051496a13d61a640/files/a56f47386c61b481a061a0b030710327441faa6d05e87193d2666854d678c2c5 [stream]
[debug] [2026-08-27T10:14:37.501Z] >>> [apiv2][query] POST https://upload-firebasehosting.googleapis.com/upload/sites/practice121-web/versions/051496a13d61a640/files/eff473582298b88c6be158c32c7f62e2e6d5322719f131cdb686a9ac6e4e5137 [none]
[debug] [2026-08-27T10:14:37.501Z] >>> [apiv2][body] POST https://upload-firebasehosting.googleapis.com/upload/sites/practice121-web/versions/051496a13d61a640/files/eff473582298b88c6be158c32c7f62e2e6d5322719f131cdb686a9ac6e4e5137 [stream]
[debug] [2026-08-27T10:14:37.502Z] >>> [apiv2][query] POST https://upload-firebasehosting.googleapis.com/upload/sites/practice121-web/versions/051496a13d61a640/files/9a23f0f23da84e3891d6045f61775d72e28be617a9d19fa8659dd9880634958f [none]
[debug] [2026-08-27T10:14:37.502Z] >>> [apiv2][body] POST https://upload-firebasehosting.googleapis.com/upload/sites/practice121-web/versions/051496a13d61a640/files/9a23f0f23da84e3891d6045f61775d72e28be617a9d19fa8659dd9880634958f [stream]
[debug] [2026-08-27T10:14:37.502Z] >>> [apiv2][query] POST https://upload-firebasehosting.googleapis.com/upload/sites/practice121-web/versions/051496a13d61a640/files/bd6d7591f8c2eb4a9191be05869f0335ba940f016957295c499863fd744e5ee0 [none]
[debug] [2026-08-27T10:14:37.502Z] >>> [apiv2][body] POST https://upload-firebasehosting.googleapis.com/upload/sites/practice121-web/versions/051496a13d61a640/files/bd6d7591f8c2eb4a9191be05869f0335ba940f016957295c499863fd744e5ee0 [stream]
[debug] [2026-08-27T10:14:37.503Z] >>> [apiv2][query] POST https://upload-firebasehosting.googleapis.com/upload/sites/practice121-web/versions/051496a13d61a640/files/200604deb1e585c6a867389b09588559ec788227948c99627b84586ef9d46932 [none]
[debug] [2026-08-27T10:14:37.503Z] >>> [apiv2][body] POST https://upload-firebasehosting.googleapis.com/upload/sites/practice121-web/versions/051496a13d61a640/files/200604deb1e585c6a867389b09588559ec788227948c99627b84586ef9d46932 [stream]
[debug] [2026-08-27T10:14:37.503Z] >>> [apiv2][query] POST https://upload-firebasehosting.googleapis.com/upload/sites/practice121-web/versions/051496a13d61a640/files/c7efd67fa8de750df765a1cf18a7bdf6c2298ab4a4ab1eed2772a32e4fd9725d [none]
[debug] [2026-08-27T10:14:37.503Z] >>> [apiv2][body] POST https://upload-firebasehosting.googleapis.com/upload/sites/practice121-web/versions/051496a13d61a640/files/c7efd67fa8de750df765a1cf18a7bdf6c2298ab4a4ab1eed2772a32e4fd9725d [stream]
[debug] [2026-08-27T10:14:37.504Z] >>> [apiv2][query] POST https://upload-firebasehosting.googleapis.com/upload/sites/practice121-web/versions/051496a13d61a640/files/5ba780ad60ab99c201a39f76f7bd4c05b552383ca985c5f2dc35f7bbb1551fe5 [none]
[debug] [2026-08-27T10:14:37.504Z] >>> [apiv2][body] POST https://upload-firebasehosting.googleapis.com/upload/sites/practice121-web/versions/051496a13d61a640/files/5ba780ad60ab99c201a39f76f7bd4c05b552383ca985c5f2dc35f7bbb1551fe5 [stream]
[debug] [2026-08-27T10:14:37.504Z] >>> [apiv2][query] POST https://upload-firebasehosting.googleapis.com/upload/sites/practice121-web/versions/051496a13d61a640/files/6490d8f09e787b1e277f696274c055b43ac2538a11ab4ef316bb6d4c8af376ce [none]
[debug] [2026-08-27T10:14:37.504Z] >>> [apiv2][body] POST https://upload-firebasehosting.googleapis.com/upload/sites/practice121-web/versions/051496a13d61a640/files/6490d8f09e787b1e277f696274c055b43ac2538a11ab4ef316bb6d4c8af376ce [stream]
[debug] [2026-08-27T10:14:37.505Z] >>> [apiv2][query] POST https://upload-firebasehosting.googleapis.com/upload/sites/practice121-web/versions/051496a13d61a640/files/792b6df7a4501149d3329553bbd8ab3aa1d6a3e3c92b972511b3a8cf003e17a2 [none]
[debug] [2026-08-27T10:14:37.505Z] >>> [apiv2][body] POST https://upload-firebasehosting.googleapis.com/upload/sites/practice121-web/versions/051496a13d61a640/files/792b6df7a4501149d3329553bbd8ab3aa1d6a3e3c92b972511b3a8cf003e17a2 [stream]
[debug] [2026-08-27T10:14:37.505Z] >>> [apiv2][query] POST https://upload-firebasehosting.googleapis.com/upload/sites/practice121-web/versions/051496a13d61a640/files/6c422307008d5c6ddff17e81aeb63cb2f7c5b0d10e488c50bc39d0235f77a0f4 [none]
[debug] [2026-08-27T10:14:37.505Z] >>> [apiv2][body] POST https://upload-firebasehosting.googleapis.com/upload/sites/practice121-web/versions/051496a13d61a640/files/6c422307008d5c6ddff17e81aeb63cb2f7c5b0d10e488c50bc39d0235f77a0f4 [stream]
[debug] [2026-08-27T10:14:37.505Z] >>> [apiv2][query] POST https://upload-firebasehosting.googleapis.com/upload/sites/practice121-web/versions/051496a13d61a640/files/408d7e58b5a6a0bd9d8a72e9400ce9e5ef44315bb74e173a54bf375b3a040d9f [none]
[debug] [2026-08-27T10:14:37.505Z] >>> [apiv2][body] POST https://upload-firebasehosting.googleapis.com/upload/sites/practice121-web/versions/051496a13d61a640/files/408d7e58b5a6a0bd9d8a72e9400ce9e5ef44315bb74e173a54bf375b3a040d9f [stream]
[debug] [2026-08-27T10:14:37.506Z] >>> [apiv2][query] POST https://upload-firebasehosting.googleapis.com/upload/sites/practice121-web/versions/051496a13d61a640/files/44fea64ea0b4986cf22dbc28741fe402f021baf13dbd2cc8ce6aa04b24300573 [none]
[debug] [2026-08-27T10:14:37.506Z] >>> [apiv2][body] POST https://upload-firebasehosting.googleapis.com/upload/sites/practice121-web/versions/051496a13d61a640/files/44fea64ea0b4986cf22dbc28741fe402f021baf13dbd2cc8ce6aa04b24300573 [stream]
[debug] [2026-08-27T10:14:37.506Z] >>> [apiv2][query] POST https://upload-firebasehosting.googleapis.com/upload/sites/practice121-web/versions/051496a13d61a640/files/f52fcaa3053c34d4cd159578941b8af1d057bfe4a19139326c58765d9341a53f [none]
[debug] [2026-08-27T10:14:37.506Z] >>> [apiv2][body] POST https://upload-firebasehosting.googleapis.com/upload/sites/practice121-web/versions/051496a13d61a640/files/f52fcaa3053c34d4cd159578941b8af1d057bfe4a19139326c58765d9341a53f [stream]
[debug] [2026-08-27T10:14:37.507Z] >>> [apiv2][query] POST https://upload-firebasehosting.googleapis.com/upload/sites/practice121-web/versions/051496a13d61a640/files/4466989f0c9b30c373c48570abd3487cdca1d2b3a236c13fb66220854810f381 [none]
[debug] [2026-08-27T10:14:37.507Z] >>> [apiv2][body] POST https://upload-firebasehosting.googleapis.com/upload/sites/practice121-web/versions/051496a13d61a640/files/4466989f0c9b30c373c48570abd3487cdca1d2b3a236c13fb66220854810f381 [stream]
[debug] [2026-08-27T10:14:37.507Z] >>> [apiv2][query] POST https://upload-firebasehosting.googleapis.com/upload/sites/practice121-web/versions/051496a13d61a640/files/994a83b0bd13a31e35114caf18e8b7fcff4253406797d657aa1d9ea64c7b721d [none]
[debug] [2026-08-27T10:14:37.507Z] >>> [apiv2][body] POST https://upload-firebasehosting.googleapis.com/upload/sites/practice121-web/versions/051496a13d61a640/files/994a83b0bd13a31e35114caf18e8b7fcff4253406797d657aa1d9ea64c7b721d [stream]
[debug] [2026-08-27T10:14:37.508Z] >>> [apiv2][query] POST https://upload-firebasehosting.googleapis.com/upload/sites/practice121-web/versions/051496a13d61a640/files/33123fa0856702018199c575be6b0016e4033c73a9f24ed1e1f993069533b620 [none]
[debug] [2026-08-27T10:14:37.508Z] >>> [apiv2][body] POST https://upload-firebasehosting.googleapis.com/upload/sites/practice121-web/versions/051496a13d61a640/files/33123fa0856702018199c575be6b0016e4033c73a9f24ed1e1f993069533b620 [stream]
[debug] [2026-08-27T10:14:37.508Z] >>> [apiv2][query] POST https://upload-firebasehosting.googleapis.com/upload/sites/practice121-web/versions/051496a13d61a640/files/aca74c789b3e616f4f04ece13d0bb1e291bfe72de2ff4dcf4037f5c5a7ff5bf5 [none]
[debug] [2026-08-27T10:14:37.508Z] >>> [apiv2][body] POST https://upload-firebasehosting.googleapis.com/upload/sites/practice121-web/versions/051496a13d61a640/files/aca74c789b3e616f4f04ece13d0bb1e291bfe72de2ff4dcf4037f5c5a7ff5bf5 [stream]
[debug] [2026-08-27T10:14:37.508Z] >>> [apiv2][query] POST https://upload-firebasehosting.googleapis.com/upload/sites/practice121-web/versions/051496a13d61a640/files/d63d955f1b5ffdb81d7dadb505bdaf5ce73aaa4388dcd2cbcc2c6c7d109931ec [none]
[debug] [2026-08-27T10:14:37.509Z] >>> [apiv2][body] POST https://upload-firebasehosting.googleapis.com/upload/sites/practice121-web/versions/051496a13d61a640/files/d63d955f1b5ffdb81d7dadb505bdaf5ce73aaa4388dcd2cbcc2c6c7d109931ec [stream]
[debug] [2026-08-27T10:14:37.509Z] >>> [apiv2][query] POST https://upload-firebasehosting.googleapis.com/upload/sites/practice121-web/versions/051496a13d61a640/files/0dc110f82f15687bb7daae0e09828a248ba74bacc4373b6c5e395fa1140853ef [none]
[debug] [2026-08-27T10:14:37.509Z] >>> [apiv2][body] POST https://upload-firebasehosting.googleapis.com/upload/sites/practice121-web/versions/051496a13d61a640/files/0dc110f82f15687bb7daae0e09828a248ba74bacc4373b6c5e395fa1140853ef [stream]
[debug] [2026-08-27T10:14:37.509Z] >>> [apiv2][query] POST https://upload-firebasehosting.googleapis.com/upload/sites/practice121-web/versions/051496a13d61a640/files/a0a79d81ce5bc990a53fc6d31366f8c3db7f352ad21614726c337572cb38b5cf [none]
[debug] [2026-08-27T10:14:37.509Z] >>> [apiv2][body] POST https://upload-firebasehosting.googleapis.com/upload/sites/practice121-web/versions/051496a13d61a640/files/a0a79d81ce5bc990a53fc6d31366f8c3db7f352ad21614726c337572cb38b5cf [stream]
[debug] [2026-08-27T10:14:37.510Z] >>> [apiv2][query] POST https://upload-firebasehosting.googleapis.com/upload/sites/practice121-web/versions/051496a13d61a640/files/4c12afd92c797d205ded918d4da7fff21f264e3347ccfe1f718df372100dea0e [none]
[debug] [2026-08-27T10:14:37.510Z] >>> [apiv2][body] POST https://upload-firebasehosting.googleapis.com/upload/sites/practice121-web/versions/051496a13d61a640/files/4c12afd92c797d205ded918d4da7fff21f264e3347ccfe1f718df372100dea0e [stream]
[debug] [2026-08-27T10:14:37.544Z] [hosting][populate queue][FINAL] {"max":918,"min":918,"avg":918,"active":0,"complete":1,"success":1,"errored":0,"retried":0,"total":1,"elapsed":1029}
[debug] [2026-08-27T10:14:37.544Z] [hosting] uploads queued: 66
[info] i  hosting: uploading new files [0/66] (0%) 
[debug] [2026-08-27T10:14:39.138Z] <<< [apiv2][status] POST https://upload-firebasehosting.googleapis.com/upload/sites/practice121-web/versions/051496a13d61a640/files/23960fa2316fb1cd093c7920df1e9c864ee8c2d784908f7372cd5da920fc3d48 200
[debug] [2026-08-27T10:14:39.139Z] <<< [apiv2][body] POST https://upload-firebasehosting.googleapis.com/upload/sites/practice121-web/versions/051496a13d61a640/files/23960fa2316fb1cd093c7920df1e9c864ee8c2d784908f7372cd5da920fc3d48 [stream]
[debug] [2026-08-27T10:14:39.174Z] <<< [apiv2][status] POST https://upload-firebasehosting.googleapis.com/upload/sites/practice121-web/versions/051496a13d61a640/files/661c005b1ebf95bb520578d7421bf511e0d91ecac507fc1818ee60c2e3127f64 200
[debug] [2026-08-27T10:14:39.174Z] <<< [apiv2][body] POST https://upload-firebasehosting.googleapis.com/upload/sites/practice121-web/versions/051496a13d61a640/files/661c005b1ebf95bb520578d7421bf511e0d91ecac507fc1818ee60c2e3127f64 [stream]
[debug] [2026-08-27T10:14:39.303Z] <<< [apiv2][status] POST https://upload-firebasehosting.googleapis.com/upload/sites/practice121-web/versions/051496a13d61a640/files/c2c72ded700fcb7e09bdfcdba7f662aa13b601ec1b3f17ed506b8dec2e4aec0b 200
[debug] [2026-08-27T10:14:39.303Z] <<< [apiv2][body] POST https://upload-firebasehosting.googleapis.com/upload/sites/practice121-web/versions/051496a13d61a640/files/c2c72ded700fcb7e09bdfcdba7f662aa13b601ec1b3f17ed506b8dec2e4aec0b [stream]
[debug] [2026-08-27T10:14:39.304Z] <<< [apiv2][status] POST https://upload-firebasehosting.googleapis.com/upload/sites/practice121-web/versions/051496a13d61a640/files/da47e5ee9571edfcb45598d9e1ed424dc30a87011c99c5d205015bbc8cfe16cc 200
[debug] [2026-08-27T10:14:39.304Z] <<< [apiv2][body] POST https://upload-firebasehosting.googleapis.com/upload/sites/practice121-web/versions/051496a13d61a640/files/da47e5ee9571edfcb45598d9e1ed424dc30a87011c99c5d205015bbc8cfe16cc [stream]
[debug] [2026-08-27T10:14:39.304Z] <<< [apiv2][status] POST https://upload-firebasehosting.googleapis.com/upload/sites/practice121-web/versions/051496a13d61a640/files/e7322748a11240d4491e263ae9e74e2037bc7590a2046a20ef73f3eb6b7bcf87 200
[debug] [2026-08-27T10:14:39.305Z] <<< [apiv2][body] POST https://upload-firebasehosting.googleapis.com/upload/sites/practice121-web/versions/051496a13d61a640/files/e7322748a11240d4491e263ae9e74e2037bc7590a2046a20ef73f3eb6b7bcf87 [stream]
[debug] [2026-08-27T10:14:39.305Z] <<< [apiv2][status] POST https://upload-firebasehosting.googleapis.com/upload/sites/practice121-web/versions/051496a13d61a640/files/a022fa3ca5c3a9dffa3c09dc035866a2c4e6e935a372724aabba8dd6a5639fee 200
[debug] [2026-08-27T10:14:39.305Z] <<< [apiv2][body] POST https://upload-firebasehosting.googleapis.com/upload/sites/practice121-web/versions/051496a13d61a640/files/a022fa3ca5c3a9dffa3c09dc035866a2c4e6e935a372724aabba8dd6a5639fee [stream]
[debug] [2026-08-27T10:14:39.306Z] <<< [apiv2][status] POST https://upload-firebasehosting.googleapis.com/upload/sites/practice121-web/versions/051496a13d61a640/files/efd041617b404639750884bd01917d80c6ec9917e3021e448a1386a237184a36 200
[debug] [2026-08-27T10:14:39.306Z] <<< [apiv2][body] POST https://upload-firebasehosting.googleapis.com/upload/sites/practice121-web/versions/051496a13d61a640/files/efd041617b404639750884bd01917d80c6ec9917e3021e448a1386a237184a36 [stream]
[debug] [2026-08-27T10:14:39.306Z] <<< [apiv2][status] POST https://upload-firebasehosting.googleapis.com/upload/sites/practice121-web/versions/051496a13d61a640/files/00ffdd1510ab6aa72447787ad1516c9bea8345a9cf6ac5345afb1f44aba07f6f 200
[debug] [2026-08-27T10:14:39.306Z] <<< [apiv2][body] POST https://upload-firebasehosting.googleapis.com/upload/sites/practice121-web/versions/051496a13d61a640/files/00ffdd1510ab6aa72447787ad1516c9bea8345a9cf6ac5345afb1f44aba07f6f [stream]
[debug] [2026-08-27T10:14:39.306Z] <<< [apiv2][status] POST https://upload-firebasehosting.googleapis.com/upload/sites/practice121-web/versions/051496a13d61a640/files/925a5d6d3d91f2afac6d61f0b16fc84d74382a194df83fe98ba6e9f790f60a71 200
[debug] [2026-08-27T10:14:39.307Z] <<< [apiv2][body] POST https://upload-firebasehosting.googleapis.com/upload/sites/practice121-web/versions/051496a13d61a640/files/925a5d6d3d91f2afac6d61f0b16fc84d74382a194df83fe98ba6e9f790f60a71 [stream]
[debug] [2026-08-27T10:14:39.307Z] <<< [apiv2][status] POST https://upload-firebasehosting.googleapis.com/upload/sites/practice121-web/versions/051496a13d61a640/files/c7efd67fa8de750df765a1cf18a7bdf6c2298ab4a4ab1eed2772a32e4fd9725d 200
[debug] [2026-08-27T10:14:39.307Z] <<< [apiv2][body] POST https://upload-firebasehosting.googleapis.com/upload/sites/practice121-web/versions/051496a13d61a640/files/c7efd67fa8de750df765a1cf18a7bdf6c2298ab4a4ab1eed2772a32e4fd9725d [stream]
[debug] [2026-08-27T10:14:39.323Z] <<< [apiv2][status] POST https://upload-firebasehosting.googleapis.com/upload/sites/practice121-web/versions/051496a13d61a640/files/309067256ef321c6851b59e293ca58f7ccae3509e768e9597fd3348d34570b32 200
[debug] [2026-08-27T10:14:39.324Z] <<< [apiv2][body] POST https://upload-firebasehosting.googleapis.com/upload/sites/practice121-web/versions/051496a13d61a640/files/309067256ef321c6851b59e293ca58f7ccae3509e768e9597fd3348d34570b32 [stream]
[debug] [2026-08-27T10:14:39.325Z] <<< [apiv2][status] POST https://upload-firebasehosting.googleapis.com/upload/sites/practice121-web/versions/051496a13d61a640/files/4c025978dec9426b837e190baf5d4c3c6f23298c7a1ad641d62ed720247b32aa 200
[debug] [2026-08-27T10:14:39.325Z] <<< [apiv2][body] POST https://upload-firebasehosting.googleapis.com/upload/sites/practice121-web/versions/051496a13d61a640/files/4c025978dec9426b837e190baf5d4c3c6f23298c7a1ad641d62ed720247b32aa [stream]
[debug] [2026-08-27T10:14:39.347Z] <<< [apiv2][status] POST https://upload-firebasehosting.googleapis.com/upload/sites/practice121-web/versions/051496a13d61a640/files/44fea64ea0b4986cf22dbc28741fe402f021baf13dbd2cc8ce6aa04b24300573 200
[debug] [2026-08-27T10:14:39.348Z] <<< [apiv2][body] POST https://upload-firebasehosting.googleapis.com/upload/sites/practice121-web/versions/051496a13d61a640/files/44fea64ea0b4986cf22dbc28741fe402f021baf13dbd2cc8ce6aa04b24300573 [stream]
[debug] [2026-08-27T10:14:39.349Z] <<< [apiv2][status] POST https://upload-firebasehosting.googleapis.com/upload/sites/practice121-web/versions/051496a13d61a640/files/9e5b64e0a1482e59cafd553bc5ef7ac3765d7314b9293b740c7f36657193ed93 200
[debug] [2026-08-27T10:14:39.349Z] <<< [apiv2][body] POST https://upload-firebasehosting.googleapis.com/upload/sites/practice121-web/versions/051496a13d61a640/files/9e5b64e0a1482e59cafd553bc5ef7ac3765d7314b9293b740c7f36657193ed93 [stream]
[debug] [2026-08-27T10:14:39.350Z] <<< [apiv2][status] POST https://upload-firebasehosting.googleapis.com/upload/sites/practice121-web/versions/051496a13d61a640/files/5179ae7bdd72e97e2d9cdbfcec1e72434f42f7f5748665239355f08badcbbee7 200
[debug] [2026-08-27T10:14:39.350Z] <<< [apiv2][body] POST https://upload-firebasehosting.googleapis.com/upload/sites/practice121-web/versions/051496a13d61a640/files/5179ae7bdd72e97e2d9cdbfcec1e72434f42f7f5748665239355f08badcbbee7 [stream]
[debug] [2026-08-27T10:14:39.358Z] <<< [apiv2][status] POST https://upload-firebasehosting.googleapis.com/upload/sites/practice121-web/versions/051496a13d61a640/files/e989aeea500fde675ea8ee009c4cf25aae7abbf4dd02c15b04cb8c85404dbca3 200
[debug] [2026-08-27T10:14:39.358Z] <<< [apiv2][body] POST https://upload-firebasehosting.googleapis.com/upload/sites/practice121-web/versions/051496a13d61a640/files/e989aeea500fde675ea8ee009c4cf25aae7abbf4dd02c15b04cb8c85404dbca3 [stream]
[debug] [2026-08-27T10:14:39.359Z] <<< [apiv2][status] POST https://upload-firebasehosting.googleapis.com/upload/sites/practice121-web/versions/051496a13d61a640/files/08d54483ffa10c472d4b5bf54e637a763a905f6909af1491ad4ca8a19241496c 200
[debug] [2026-08-27T10:14:39.359Z] <<< [apiv2][body] POST https://upload-firebasehosting.googleapis.com/upload/sites/practice121-web/versions/051496a13d61a640/files/08d54483ffa10c472d4b5bf54e637a763a905f6909af1491ad4ca8a19241496c [stream]
[debug] [2026-08-27T10:14:39.413Z] <<< [apiv2][status] POST https://upload-firebasehosting.googleapis.com/upload/sites/practice121-web/versions/051496a13d61a640/files/4545774e0eba6264d25197fec3cc1520bfd61d16bf6b417b7b1566460ebc28ec 200
[debug] [2026-08-27T10:14:39.413Z] <<< [apiv2][body] POST https://upload-firebasehosting.googleapis.com/upload/sites/practice121-web/versions/051496a13d61a640/files/4545774e0eba6264d25197fec3cc1520bfd61d16bf6b417b7b1566460ebc28ec [stream]
[debug] [2026-08-27T10:14:39.415Z] <<< [apiv2][status] POST https://upload-firebasehosting.googleapis.com/upload/sites/practice121-web/versions/051496a13d61a640/files/b686f0c3faae36d5e3110bd8933f861039094c0a996e5c55c3a776a209ca119b 200
[debug] [2026-08-27T10:14:39.415Z] <<< [apiv2][body] POST https://upload-firebasehosting.googleapis.com/upload/sites/practice121-web/versions/051496a13d61a640/files/b686f0c3faae36d5e3110bd8933f861039094c0a996e5c55c3a776a209ca119b [stream]
[debug] [2026-08-27T10:14:39.416Z] <<< [apiv2][status] POST https://upload-firebasehosting.googleapis.com/upload/sites/practice121-web/versions/051496a13d61a640/files/82406efccfbaa0195ef86e8c8aa8fc71d38fb93a6aa0fbd00d90629d3bbe2342 200
[debug] [2026-08-27T10:14:39.416Z] <<< [apiv2][body] POST https://upload-firebasehosting.googleapis.com/upload/sites/practice121-web/versions/051496a13d61a640/files/82406efccfbaa0195ef86e8c8aa8fc71d38fb93a6aa0fbd00d90629d3bbe2342 [stream]
[debug] [2026-08-27T10:14:39.417Z] <<< [apiv2][status] POST https://upload-firebasehosting.googleapis.com/upload/sites/practice121-web/versions/051496a13d61a640/files/008adc044d2d4bde3a6b0e7964ca8fef99f7f565dafdb8d01a18c9e99b0ee18c 200
[debug] [2026-08-27T10:14:39.417Z] <<< [apiv2][body] POST https://upload-firebasehosting.googleapis.com/upload/sites/practice121-web/versions/051496a13d61a640/files/008adc044d2d4bde3a6b0e7964ca8fef99f7f565dafdb8d01a18c9e99b0ee18c [stream]
[debug] [2026-08-27T10:14:39.418Z] <<< [apiv2][status] POST https://upload-firebasehosting.googleapis.com/upload/sites/practice121-web/versions/051496a13d61a640/files/5ba780ad60ab99c201a39f76f7bd4c05b552383ca985c5f2dc35f7bbb1551fe5 200
[debug] [2026-08-27T10:14:39.418Z] <<< [apiv2][body] POST https://upload-firebasehosting.googleapis.com/upload/sites/practice121-web/versions/051496a13d61a640/files/5ba780ad60ab99c201a39f76f7bd4c05b552383ca985c5f2dc35f7bbb1551fe5 [stream]
[debug] [2026-08-27T10:14:39.419Z] <<< [apiv2][status] POST https://upload-firebasehosting.googleapis.com/upload/sites/practice121-web/versions/051496a13d61a640/files/994a83b0bd13a31e35114caf18e8b7fcff4253406797d657aa1d9ea64c7b721d 200
[debug] [2026-08-27T10:14:39.419Z] <<< [apiv2][body] POST https://upload-firebasehosting.googleapis.com/upload/sites/practice121-web/versions/051496a13d61a640/files/994a83b0bd13a31e35114caf18e8b7fcff4253406797d657aa1d9ea64c7b721d [stream]
[debug] [2026-08-27T10:14:39.419Z] <<< [apiv2][status] POST https://upload-firebasehosting.googleapis.com/upload/sites/practice121-web/versions/051496a13d61a640/files/0200384828cbc49da212d1b167cc859b98e3d98f2583a5db5ebae2940a665c6a 200
[debug] [2026-08-27T10:14:39.419Z] <<< [apiv2][body] POST https://upload-firebasehosting.googleapis.com/upload/sites/practice121-web/versions/051496a13d61a640/files/0200384828cbc49da212d1b167cc859b98e3d98f2583a5db5ebae2940a665c6a [stream]
[debug] [2026-08-27T10:14:39.420Z] <<< [apiv2][status] POST https://upload-firebasehosting.googleapis.com/upload/sites/practice121-web/versions/051496a13d61a640/files/4c12afd92c797d205ded918d4da7fff21f264e3347ccfe1f718df372100dea0e 200
[debug] [2026-08-27T10:14:39.420Z] <<< [apiv2][body] POST https://upload-firebasehosting.googleapis.com/upload/sites/practice121-web/versions/051496a13d61a640/files/4c12afd92c797d205ded918d4da7fff21f264e3347ccfe1f718df372100dea0e [stream]
[debug] [2026-08-27T10:14:39.420Z] <<< [apiv2][status] POST https://upload-firebasehosting.googleapis.com/upload/sites/practice121-web/versions/051496a13d61a640/files/0dc110f82f15687bb7daae0e09828a248ba74bacc4373b6c5e395fa1140853ef 200
[debug] [2026-08-27T10:14:39.421Z] <<< [apiv2][body] POST https://upload-firebasehosting.googleapis.com/upload/sites/practice121-web/versions/051496a13d61a640/files/0dc110f82f15687bb7daae0e09828a248ba74bacc4373b6c5e395fa1140853ef [stream]
[debug] [2026-08-27T10:14:39.421Z] <<< [apiv2][status] POST https://upload-firebasehosting.googleapis.com/upload/sites/practice121-web/versions/051496a13d61a640/files/44300fa8febcbc7a8249f34107297350f46b1b2c9f3934ba3c0dbdb875b56a64 200
[debug] [2026-08-27T10:14:39.421Z] <<< [apiv2][body] POST https://upload-firebasehosting.googleapis.com/upload/sites/practice121-web/versions/051496a13d61a640/files/44300fa8febcbc7a8249f34107297350f46b1b2c9f3934ba3c0dbdb875b56a64 [stream]
[debug] [2026-08-27T10:14:39.431Z] <<< [apiv2][status] POST https://upload-firebasehosting.googleapis.com/upload/sites/practice121-web/versions/051496a13d61a640/files/518430951f2c7182a5fc07191f43236719c64a5244e0ac82131ea92dbe4a2f67 200
[debug] [2026-08-27T10:14:39.431Z] <<< [apiv2][body] POST https://upload-firebasehosting.googleapis.com/upload/sites/practice121-web/versions/051496a13d61a640/files/518430951f2c7182a5fc07191f43236719c64a5244e0ac82131ea92dbe4a2f67 [stream]
[debug] [2026-08-27T10:14:39.476Z] <<< [apiv2][status] POST https://upload-firebasehosting.googleapis.com/upload/sites/practice121-web/versions/051496a13d61a640/files/200604deb1e585c6a867389b09588559ec788227948c99627b84586ef9d46932 200
[debug] [2026-08-27T10:14:39.476Z] <<< [apiv2][body] POST https://upload-firebasehosting.googleapis.com/upload/sites/practice121-web/versions/051496a13d61a640/files/200604deb1e585c6a867389b09588559ec788227948c99627b84586ef9d46932 [stream]
[debug] [2026-08-27T10:14:39.477Z] <<< [apiv2][status] POST https://upload-firebasehosting.googleapis.com/upload/sites/practice121-web/versions/051496a13d61a640/files/a56f47386c61b481a061a0b030710327441faa6d05e87193d2666854d678c2c5 200
[debug] [2026-08-27T10:14:39.478Z] <<< [apiv2][body] POST https://upload-firebasehosting.googleapis.com/upload/sites/practice121-web/versions/051496a13d61a640/files/a56f47386c61b481a061a0b030710327441faa6d05e87193d2666854d678c2c5 [stream]
[debug] [2026-08-27T10:14:39.478Z] <<< [apiv2][status] POST https://upload-firebasehosting.googleapis.com/upload/sites/practice121-web/versions/051496a13d61a640/files/3d404a6231edd2e11df9c6c591d6b1f17dec92946f1bbe2513522691fb5ffba2 200
[debug] [2026-08-27T10:14:39.478Z] <<< [apiv2][body] POST https://upload-firebasehosting.googleapis.com/upload/sites/practice121-web/versions/051496a13d61a640/files/3d404a6231edd2e11df9c6c591d6b1f17dec92946f1bbe2513522691fb5ffba2 [stream]
[debug] [2026-08-27T10:14:39.499Z] <<< [apiv2][status] POST https://upload-firebasehosting.googleapis.com/upload/sites/practice121-web/versions/051496a13d61a640/files/f52fcaa3053c34d4cd159578941b8af1d057bfe4a19139326c58765d9341a53f 200
[debug] [2026-08-27T10:14:39.499Z] <<< [apiv2][body] POST https://upload-firebasehosting.googleapis.com/upload/sites/practice121-web/versions/051496a13d61a640/files/f52fcaa3053c34d4cd159578941b8af1d057bfe4a19139326c58765d9341a53f [stream]
[debug] [2026-08-27T10:14:39.500Z] <<< [apiv2][status] POST https://upload-firebasehosting.googleapis.com/upload/sites/practice121-web/versions/051496a13d61a640/files/5d320a43b630712424c0919242701e6b453721e6f7acc8d67e82da93dd81609a 200
[debug] [2026-08-27T10:14:39.500Z] <<< [apiv2][body] POST https://upload-firebasehosting.googleapis.com/upload/sites/practice121-web/versions/051496a13d61a640/files/5d320a43b630712424c0919242701e6b453721e6f7acc8d67e82da93dd81609a [stream]
[debug] [2026-08-27T10:14:39.530Z] <<< [apiv2][status] POST https://upload-firebasehosting.googleapis.com/upload/sites/practice121-web/versions/051496a13d61a640/files/774daa662398db08fda555a42d59c900e9ff087fac5b786814eec9267d98d486 200
[debug] [2026-08-27T10:14:39.530Z] <<< [apiv2][body] POST https://upload-firebasehosting.googleapis.com/upload/sites/practice121-web/versions/051496a13d61a640/files/774daa662398db08fda555a42d59c900e9ff087fac5b786814eec9267d98d486 [stream]
[debug] [2026-08-27T10:14:39.563Z] <<< [apiv2][status] POST https://upload-firebasehosting.googleapis.com/upload/sites/practice121-web/versions/051496a13d61a640/files/8ed54f09117e33d7dc0bc4868b8cd0bf76c75231249bb3496ae9fd71a388e03d 200
[debug] [2026-08-27T10:14:39.563Z] <<< [apiv2][body] POST https://upload-firebasehosting.googleapis.com/upload/sites/practice121-web/versions/051496a13d61a640/files/8ed54f09117e33d7dc0bc4868b8cd0bf76c75231249bb3496ae9fd71a388e03d [stream]
[debug] [2026-08-27T10:14:39.564Z] <<< [apiv2][status] POST https://upload-firebasehosting.googleapis.com/upload/sites/practice121-web/versions/051496a13d61a640/files/d63d955f1b5ffdb81d7dadb505bdaf5ce73aaa4388dcd2cbcc2c6c7d109931ec 200
[debug] [2026-08-27T10:14:39.564Z] <<< [apiv2][body] POST https://upload-firebasehosting.googleapis.com/upload/sites/practice121-web/versions/051496a13d61a640/files/d63d955f1b5ffdb81d7dadb505bdaf5ce73aaa4388dcd2cbcc2c6c7d109931ec [stream]
[debug] [2026-08-27T10:14:39.565Z] <<< [apiv2][status] POST https://upload-firebasehosting.googleapis.com/upload/sites/practice121-web/versions/051496a13d61a640/files/25ab384166cd47446e020cf08baedd233bc565d249beda145aea5f39bb8580d6 200
[debug] [2026-08-27T10:14:39.565Z] <<< [apiv2][body] POST https://upload-firebasehosting.googleapis.com/upload/sites/practice121-web/versions/051496a13d61a640/files/25ab384166cd47446e020cf08baedd233bc565d249beda145aea5f39bb8580d6 [stream]
[debug] [2026-08-27T10:14:39.569Z] <<< [apiv2][status] POST https://upload-firebasehosting.googleapis.com/upload/sites/practice121-web/versions/051496a13d61a640/files/4fd3d4a2a8c2bc5c542f1c96aa881fbcde3f9d78d8af60202b9e11287b92a5c1 200
[debug] [2026-08-27T10:14:39.570Z] <<< [apiv2][body] POST https://upload-firebasehosting.googleapis.com/upload/sites/practice121-web/versions/051496a13d61a640/files/4fd3d4a2a8c2bc5c542f1c96aa881fbcde3f9d78d8af60202b9e11287b92a5c1 [stream]
[debug] [2026-08-27T10:14:39.570Z] <<< [apiv2][status] POST https://upload-firebasehosting.googleapis.com/upload/sites/practice121-web/versions/051496a13d61a640/files/a0a79d81ce5bc990a53fc6d31366f8c3db7f352ad21614726c337572cb38b5cf 200
[debug] [2026-08-27T10:14:39.570Z] <<< [apiv2][body] POST https://upload-firebasehosting.googleapis.com/upload/sites/practice121-web/versions/051496a13d61a640/files/a0a79d81ce5bc990a53fc6d31366f8c3db7f352ad21614726c337572cb38b5cf [stream]
[debug] [2026-08-27T10:14:39.571Z] <<< [apiv2][status] POST https://upload-firebasehosting.googleapis.com/upload/sites/practice121-web/versions/051496a13d61a640/files/75edaad063ecd6d10f1fe23a5ad46026ad141ff5b1f7ad10dbeb394d764fd6e6 200
[debug] [2026-08-27T10:14:39.571Z] <<< [apiv2][body] POST https://upload-firebasehosting.googleapis.com/upload/sites/practice121-web/versions/051496a13d61a640/files/75edaad063ecd6d10f1fe23a5ad46026ad141ff5b1f7ad10dbeb394d764fd6e6 [stream]
[debug] [2026-08-27T10:14:39.572Z] <<< [apiv2][status] POST https://upload-firebasehosting.googleapis.com/upload/sites/practice121-web/versions/051496a13d61a640/files/04abf159d192c416331ccd075a504ed8dfd2c20b9703c63475fe2e60ddf870d9 200
[debug] [2026-08-27T10:14:39.572Z] <<< [apiv2][body] POST https://upload-firebasehosting.googleapis.com/upload/sites/practice121-web/versions/051496a13d61a640/files/04abf159d192c416331ccd075a504ed8dfd2c20b9703c63475fe2e60ddf870d9 [stream]
[debug] [2026-08-27T10:14:39.573Z] <<< [apiv2][status] POST https://upload-firebasehosting.googleapis.com/upload/sites/practice121-web/versions/051496a13d61a640/files/a919513989fdc35c782880b350be688710aff9e2dfc7aad1d63edbf94ba534f5 200
[debug] [2026-08-27T10:14:39.573Z] <<< [apiv2][body] POST https://upload-firebasehosting.googleapis.com/upload/sites/practice121-web/versions/051496a13d61a640/files/a919513989fdc35c782880b350be688710aff9e2dfc7aad1d63edbf94ba534f5 [stream]
[debug] [2026-08-27T10:14:39.637Z] <<< [apiv2][status] POST https://upload-firebasehosting.googleapis.com/upload/sites/practice121-web/versions/051496a13d61a640/files/049e2e70459a9511714546b840c97a1536e2256e425c96bafbefed8085283577 200
[debug] [2026-08-27T10:14:39.638Z] <<< [apiv2][body] POST https://upload-firebasehosting.googleapis.com/upload/sites/practice121-web/versions/051496a13d61a640/files/049e2e70459a9511714546b840c97a1536e2256e425c96bafbefed8085283577 [stream]
[debug] [2026-08-27T10:14:39.640Z] <<< [apiv2][status] POST https://upload-firebasehosting.googleapis.com/upload/sites/practice121-web/versions/051496a13d61a640/files/9a23f0f23da84e3891d6045f61775d72e28be617a9d19fa8659dd9880634958f 200
[debug] [2026-08-27T10:14:39.640Z] <<< [apiv2][body] POST https://upload-firebasehosting.googleapis.com/upload/sites/practice121-web/versions/051496a13d61a640/files/9a23f0f23da84e3891d6045f61775d72e28be617a9d19fa8659dd9880634958f [stream]
[debug] [2026-08-27T10:14:39.641Z] <<< [apiv2][status] POST https://upload-firebasehosting.googleapis.com/upload/sites/practice121-web/versions/051496a13d61a640/files/fac975097c692c344b6990f5c15a23ca97866c11d57c23acf432222329425de3 200
[debug] [2026-08-27T10:14:39.641Z] <<< [apiv2][body] POST https://upload-firebasehosting.googleapis.com/upload/sites/practice121-web/versions/051496a13d61a640/files/fac975097c692c344b6990f5c15a23ca97866c11d57c23acf432222329425de3 [stream]
[debug] [2026-08-27T10:14:39.641Z] <<< [apiv2][status] POST https://upload-firebasehosting.googleapis.com/upload/sites/practice121-web/versions/051496a13d61a640/files/dc26a66383d5d2cfef6c425f05f5da31310d07e3dfaaf363db96d2aa0dca16a5 200
[debug] [2026-08-27T10:14:39.641Z] <<< [apiv2][body] POST https://upload-firebasehosting.googleapis.com/upload/sites/practice121-web/versions/051496a13d61a640/files/dc26a66383d5d2cfef6c425f05f5da31310d07e3dfaaf363db96d2aa0dca16a5 [stream]
[debug] [2026-08-27T10:14:39.642Z] <<< [apiv2][status] POST https://upload-firebasehosting.googleapis.com/upload/sites/practice121-web/versions/051496a13d61a640/files/dd8362a77f9b84c2ddbc5fbe22e752ce4ced05e965630060a93017d2ee335ef1 200
[debug] [2026-08-27T10:14:39.642Z] <<< [apiv2][body] POST https://upload-firebasehosting.googleapis.com/upload/sites/practice121-web/versions/051496a13d61a640/files/dd8362a77f9b84c2ddbc5fbe22e752ce4ced05e965630060a93017d2ee335ef1 [stream]
[debug] [2026-08-27T10:14:39.642Z] <<< [apiv2][status] POST https://upload-firebasehosting.googleapis.com/upload/sites/practice121-web/versions/051496a13d61a640/files/f8fa07c23a793ad6d50969ff998ff5377cbc5c05c97adcf67374520423000f37 200
[debug] [2026-08-27T10:14:39.642Z] <<< [apiv2][body] POST https://upload-firebasehosting.googleapis.com/upload/sites/practice121-web/versions/051496a13d61a640/files/f8fa07c23a793ad6d50969ff998ff5377cbc5c05c97adcf67374520423000f37 [stream]
[debug] [2026-08-27T10:14:39.643Z] <<< [apiv2][status] POST https://upload-firebasehosting.googleapis.com/upload/sites/practice121-web/versions/051496a13d61a640/files/64e45baa9d518439edd54615696e4c03a6ca795f08869d6e67f5abd814535f5d 200
[debug] [2026-08-27T10:14:39.643Z] <<< [apiv2][body] POST https://upload-firebasehosting.googleapis.com/upload/sites/practice121-web/versions/051496a13d61a640/files/64e45baa9d518439edd54615696e4c03a6ca795f08869d6e67f5abd814535f5d [stream]
[debug] [2026-08-27T10:14:39.645Z] <<< [apiv2][status] POST https://upload-firebasehosting.googleapis.com/upload/sites/practice121-web/versions/051496a13d61a640/files/792b6df7a4501149d3329553bbd8ab3aa1d6a3e3c92b972511b3a8cf003e17a2 200
[debug] [2026-08-27T10:14:39.645Z] <<< [apiv2][body] POST https://upload-firebasehosting.googleapis.com/upload/sites/practice121-web/versions/051496a13d61a640/files/792b6df7a4501149d3329553bbd8ab3aa1d6a3e3c92b972511b3a8cf003e17a2 [stream]
[debug] [2026-08-27T10:14:39.646Z] <<< [apiv2][status] POST https://upload-firebasehosting.googleapis.com/upload/sites/practice121-web/versions/051496a13d61a640/files/9ec685b90b5809dec82bd01a0ece40e91f97c54de1cc59a0d6fbb45de8b68f2d 200
[debug] [2026-08-27T10:14:39.646Z] <<< [apiv2][body] POST https://upload-firebasehosting.googleapis.com/upload/sites/practice121-web/versions/051496a13d61a640/files/9ec685b90b5809dec82bd01a0ece40e91f97c54de1cc59a0d6fbb45de8b68f2d [stream]
[debug] [2026-08-27T10:14:39.646Z] <<< [apiv2][status] POST https://upload-firebasehosting.googleapis.com/upload/sites/practice121-web/versions/051496a13d61a640/files/4466989f0c9b30c373c48570abd3487cdca1d2b3a236c13fb66220854810f381 200
[debug] [2026-08-27T10:14:39.646Z] <<< [apiv2][body] POST https://upload-firebasehosting.googleapis.com/upload/sites/practice121-web/versions/051496a13d61a640/files/4466989f0c9b30c373c48570abd3487cdca1d2b3a236c13fb66220854810f381 [stream]
[debug] [2026-08-27T10:14:39.680Z] <<< [apiv2][status] POST https://upload-firebasehosting.googleapis.com/upload/sites/practice121-web/versions/051496a13d61a640/files/eff473582298b88c6be158c32c7f62e2e6d5322719f131cdb686a9ac6e4e5137 200
[debug] [2026-08-27T10:14:39.680Z] <<< [apiv2][body] POST https://upload-firebasehosting.googleapis.com/upload/sites/practice121-web/versions/051496a13d61a640/files/eff473582298b88c6be158c32c7f62e2e6d5322719f131cdb686a9ac6e4e5137 [stream]
[debug] [2026-08-27T10:14:39.681Z] <<< [apiv2][status] POST https://upload-firebasehosting.googleapis.com/upload/sites/practice121-web/versions/051496a13d61a640/files/d105f1217316455a4497388695e257661c732f8ab33c2c48dec7fc124f6db189 200
[debug] [2026-08-27T10:14:39.681Z] <<< [apiv2][body] POST https://upload-firebasehosting.googleapis.com/upload/sites/practice121-web/versions/051496a13d61a640/files/d105f1217316455a4497388695e257661c732f8ab33c2c48dec7fc124f6db189 [stream]
[debug] [2026-08-27T10:14:39.682Z] <<< [apiv2][status] POST https://upload-firebasehosting.googleapis.com/upload/sites/practice121-web/versions/051496a13d61a640/files/6490d8f09e787b1e277f696274c055b43ac2538a11ab4ef316bb6d4c8af376ce 200
[debug] [2026-08-27T10:14:39.682Z] <<< [apiv2][body] POST https://upload-firebasehosting.googleapis.com/upload/sites/practice121-web/versions/051496a13d61a640/files/6490d8f09e787b1e277f696274c055b43ac2538a11ab4ef316bb6d4c8af376ce [stream]
[debug] [2026-08-27T10:14:39.683Z] <<< [apiv2][status] POST https://upload-firebasehosting.googleapis.com/upload/sites/practice121-web/versions/051496a13d61a640/files/ddec02c0b83e11d7d3586d0ebab0d469d3651283d4f591924d25a0d0f481b230 200
[debug] [2026-08-27T10:14:39.683Z] <<< [apiv2][body] POST https://upload-firebasehosting.googleapis.com/upload/sites/practice121-web/versions/051496a13d61a640/files/ddec02c0b83e11d7d3586d0ebab0d469d3651283d4f591924d25a0d0f481b230 [stream]
[debug] [2026-08-27T10:14:39.683Z] <<< [apiv2][status] POST https://upload-firebasehosting.googleapis.com/upload/sites/practice121-web/versions/051496a13d61a640/files/57ea7c2b32337e875afbd6cad9cdf5da8abaf885127af978ded0a4bcbee4b77d 200
[debug] [2026-08-27T10:14:39.683Z] <<< [apiv2][body] POST https://upload-firebasehosting.googleapis.com/upload/sites/practice121-web/versions/051496a13d61a640/files/57ea7c2b32337e875afbd6cad9cdf5da8abaf885127af978ded0a4bcbee4b77d [stream]
[debug] [2026-08-27T10:14:39.684Z] <<< [apiv2][status] POST https://upload-firebasehosting.googleapis.com/upload/sites/practice121-web/versions/051496a13d61a640/files/408d7e58b5a6a0bd9d8a72e9400ce9e5ef44315bb74e173a54bf375b3a040d9f 200
[debug] [2026-08-27T10:14:39.684Z] <<< [apiv2][body] POST https://upload-firebasehosting.googleapis.com/upload/sites/practice121-web/versions/051496a13d61a640/files/408d7e58b5a6a0bd9d8a72e9400ce9e5ef44315bb74e173a54bf375b3a040d9f [stream]
[debug] [2026-08-27T10:14:39.684Z] <<< [apiv2][status] POST https://upload-firebasehosting.googleapis.com/upload/sites/practice121-web/versions/051496a13d61a640/files/aca74c789b3e616f4f04ece13d0bb1e291bfe72de2ff4dcf4037f5c5a7ff5bf5 200
[debug] [2026-08-27T10:14:39.684Z] <<< [apiv2][body] POST https://upload-firebasehosting.googleapis.com/upload/sites/practice121-web/versions/051496a13d61a640/files/aca74c789b3e616f4f04ece13d0bb1e291bfe72de2ff4dcf4037f5c5a7ff5bf5 [stream]
[debug] [2026-08-27T10:14:39.697Z] <<< [apiv2][status] POST https://upload-firebasehosting.googleapis.com/upload/sites/practice121-web/versions/051496a13d61a640/files/558ed56ad1017a75477cf31764c806ad5948ec321f67c850678a270936e37d7c 200
[debug] [2026-08-27T10:14:39.697Z] <<< [apiv2][body] POST https://upload-firebasehosting.googleapis.com/upload/sites/practice121-web/versions/051496a13d61a640/files/558ed56ad1017a75477cf31764c806ad5948ec321f67c850678a270936e37d7c [stream]
[debug] [2026-08-27T10:14:39.718Z] <<< [apiv2][status] POST https://upload-firebasehosting.googleapis.com/upload/sites/practice121-web/versions/051496a13d61a640/files/6c422307008d5c6ddff17e81aeb63cb2f7c5b0d10e488c50bc39d0235f77a0f4 200
[debug] [2026-08-27T10:14:39.719Z] <<< [apiv2][body] POST https://upload-firebasehosting.googleapis.com/upload/sites/practice121-web/versions/051496a13d61a640/files/6c422307008d5c6ddff17e81aeb63cb2f7c5b0d10e488c50bc39d0235f77a0f4 [stream]
[debug] [2026-08-27T10:14:39.757Z] <<< [apiv2][status] POST https://upload-firebasehosting.googleapis.com/upload/sites/practice121-web/versions/051496a13d61a640/files/afddcc367a18f58e75efd31dd6ce352ef9dd2ac61e40222b1a2088efd5b8c40d 200
[debug] [2026-08-27T10:14:39.758Z] <<< [apiv2][body] POST https://upload-firebasehosting.googleapis.com/upload/sites/practice121-web/versions/051496a13d61a640/files/afddcc367a18f58e75efd31dd6ce352ef9dd2ac61e40222b1a2088efd5b8c40d [stream]
[debug] [2026-08-27T10:14:39.759Z] <<< [apiv2][status] POST https://upload-firebasehosting.googleapis.com/upload/sites/practice121-web/versions/051496a13d61a640/files/33123fa0856702018199c575be6b0016e4033c73a9f24ed1e1f993069533b620 200
[debug] [2026-08-27T10:14:39.759Z] <<< [apiv2][body] POST https://upload-firebasehosting.googleapis.com/upload/sites/practice121-web/versions/051496a13d61a640/files/33123fa0856702018199c575be6b0016e4033c73a9f24ed1e1f993069533b620 [stream]
[debug] [2026-08-27T10:14:39.868Z] <<< [apiv2][status] POST https://upload-firebasehosting.googleapis.com/upload/sites/practice121-web/versions/051496a13d61a640/files/bd6d7591f8c2eb4a9191be05869f0335ba940f016957295c499863fd744e5ee0 200
[debug] [2026-08-27T10:14:39.868Z] <<< [apiv2][body] POST https://upload-firebasehosting.googleapis.com/upload/sites/practice121-web/versions/051496a13d61a640/files/bd6d7591f8c2eb4a9191be05869f0335ba940f016957295c499863fd744e5ee0 [stream]
[debug] [2026-08-27T10:14:39.902Z] <<< [apiv2][status] POST https://upload-firebasehosting.googleapis.com/upload/sites/practice121-web/versions/051496a13d61a640/files/0ba53637e6c331ebd608a259092e2ae85764ca5fddb485f7de8fcbea25c0656c 200
[debug] [2026-08-27T10:14:39.902Z] <<< [apiv2][body] POST https://upload-firebasehosting.googleapis.com/upload/sites/practice121-web/versions/051496a13d61a640/files/0ba53637e6c331ebd608a259092e2ae85764ca5fddb485f7de8fcbea25c0656c [stream]
[debug] [2026-08-27T10:14:39.921Z] <<< [apiv2][status] POST https://upload-firebasehosting.googleapis.com/upload/sites/practice121-web/versions/051496a13d61a640/files/65f269ca1f5dbc00865ed2640d0efbfbd7337cfdf2df9c7e313588594bdbd370 200
[debug] [2026-08-27T10:14:39.921Z] <<< [apiv2][body] POST https://upload-firebasehosting.googleapis.com/upload/sites/practice121-web/versions/051496a13d61a640/files/65f269ca1f5dbc00865ed2640d0efbfbd7337cfdf2df9c7e313588594bdbd370 [stream]
[debug] [2026-08-27T10:14:39.922Z] [hosting][upload queue][FINAL] {"max":2496,"min":1725,"avg":2096.318181818183,"active":0,"complete":66,"success":66,"errored":0,"retried":0,"total":66,"elapsed":2514}
[info] i  hosting: upload complete 
[info] +  hosting[practice121-web]: file upload complete 
[debug] [2026-08-27T10:14:39.923Z] [hosting] deploy completed after 3503ms
[debug] [2026-08-27T10:14:39.923Z] [
  {
    "config": {
      "public": ".",
      "ignore": [
        "firebase.json",
        "**/.*",
        "**/node_modules/**"
      ],
      "site": "practice121-web"
    },
    "version": "projects/768564576964/sites/practice121-web/versions/051496a13d61a640"
  }
]
[info] i  hosting[practice121-web]: finalizing version... 
[debug] [2026-08-27T10:14:39.925Z] Checked if tokens are valid: true, expires at: 1787829270891
[debug] [2026-08-27T10:14:39.926Z] Checked if tokens are valid: true, expires at: 1787829270891
[debug] [2026-08-27T10:14:39.926Z] >>> [apiv2][query] PATCH https://firebasehosting.googleapis.com/v1beta1/projects/-/sites/practice121-web/versions/051496a13d61a640 updateMask=status%2Cconfig
[debug] [2026-08-27T10:14:39.926Z] >>> [apiv2][body] PATCH https://firebasehosting.googleapis.com/v1beta1/projects/-/sites/practice121-web/versions/051496a13d61a640 {"status":"FINALIZED","config":{}}
[debug] [2026-08-27T10:14:41.051Z] <<< [apiv2][status] PATCH https://firebasehosting.googleapis.com/v1beta1/projects/-/sites/practice121-web/versions/051496a13d61a640 200
[debug] [2026-08-27T10:14:41.051Z] <<< [apiv2][body] PATCH https://firebasehosting.googleapis.com/v1beta1/projects/-/sites/practice121-web/versions/051496a13d61a640 {"name":"projects/768564576964/sites/practice121-web/versions/051496a13d61a640","status":"FINALIZED","config":{},"labels":{"deployment-tool":"cli-firebase"},"createTime":"2026-08-27T10:14:37.723957Z","createUser":{"email":"smarttransnet@gmail.com"},"finalizeTime":"2026-08-27T10:14:42.842947Z","finalizeUser":{"email":"smarttransnet@gmail.com"}}
[debug] [2026-08-27T10:14:41.052Z] [hosting] finalized version for practice121-web:[object Object]
[info] +  hosting[practice121-web]: version finalized 
[info] i  hosting[practice121-web]: releasing new version... 
[debug] [2026-08-27T10:14:41.053Z] Checked if tokens are valid: true, expires at: 1787829270891
[debug] [2026-08-27T10:14:41.053Z] Checked if tokens are valid: true, expires at: 1787829270891
[debug] [2026-08-27T10:14:41.054Z] >>> [apiv2][query] POST https://firebasehosting.googleapis.com/v1beta1/projects/-/sites/practice121-web/channels/live/releases versionName=projects%2F768564576964%2Fsites%2Fpractice121-web%2Fversions%2F051496a13d61a640
[debug] [2026-08-27T10:14:41.054Z] >>> [apiv2][body] POST https://firebasehosting.googleapis.com/v1beta1/projects/-/sites/practice121-web/channels/live/releases {}
[debug] [2026-08-27T10:14:42.240Z] <<< [apiv2][status] POST https://firebasehosting.googleapis.com/v1beta1/projects/-/sites/practice121-web/channels/live/releases 200
[debug] [2026-08-27T10:14:42.241Z] <<< [apiv2][body] POST https://firebasehosting.googleapis.com/v1beta1/projects/-/sites/practice121-web/channels/live/releases {"name":"projects/768564576964/sites/practice121-web/channels/live/releases/1787825683285000","version":{"name":"projects/768564576964/sites/practice121-web/versions/051496a13d61a640","status":"FINALIZED","config":{},"labels":{"deployment-tool":"cli-firebase"},"createTime":"2026-08-27T10:14:37.723957Z","createUser":{"email":"smarttransnet@gmail.com","imageUrl":"https://lh3.googleusercontent.com/a/ACg8ocKctvOxVOIyPiBn-wrBawPaWt88K1FRULgJZULS7IygfeGM5w=mo"},"finalizeTime":"2026-08-27T10:14:42.842947Z","finalizeUser":{"email":"smarttransnet@gmail.com","imageUrl":"https://lh3.googleusercontent.com/a/ACg8ocKctvOxVOIyPiBn-wrBawPaWt88K1FRULgJZULS7IygfeGM5w=mo"}},"type":"DEPLOY","releaseTime":"2026-08-27T10:14:43.285Z","releaseUser":{"email":"smarttransnet@gmail.com","imageUrl":"https://lh3.googleusercontent.com/a/ACg8ocKctvOxVOIyPiBn-wrBawPaWt88K1FRULgJZULS7IygfeGM5w=mo"}}
[debug] [2026-08-27T10:14:42.241Z] [hosting] release: {"name":"projects/768564576964/sites/practice121-web/channels/live/releases/1787825683285000","version":{"name":"projects/768564576964/sites/practice121-web/versions/051496a13d61a640","status":"FINALIZED","config":{},"labels":{"deployment-tool":"cli-firebase"},"createTime":"2026-08-27T10:14:37.723957Z","createUser":{"email":"smarttransnet@gmail.com","imageUrl":"https://lh3.googleusercontent.com/a/ACg8ocKctvOxVOIyPiBn-wrBawPaWt88K1FRULgJZULS7IygfeGM5w=mo"},"finalizeTime":"2026-08-27T10:14:42.842947Z","finalizeUser":{"email":"smarttransnet@gmail.com","imageUrl":"https://lh3.googleusercontent.com/a/ACg8ocKctvOxVOIyPiBn-wrBawPaWt88K1FRULgJZULS7IygfeGM5w=mo"}},"type":"DEPLOY","releaseTime":"2026-08-27T10:14:43.285Z","releaseUser":{"email":"smarttransnet@gmail.com","imageUrl":"https://lh3.googleusercontent.com/a/ACg8ocKctvOxVOIyPiBn-wrBawPaWt88K1FRULgJZULS7IygfeGM5w=mo"}}
[info] +  hosting[practice121-web]: release complete 
[info] 
[info] +  Deploy complete! 
[info] 
[info] Project Console: https://console.firebase.google.com/project/practice121-web/overview
[info] Hosting URL: https://practice121-web.web.app
